asset_id,time1,status,macaddress
1,2016-07-07,1,A0:E6:F8:48:4C:02
1,2016-07-08,2,A0:E6:F8:48:4C:02
1,2016-07-28,2,A0:E6:F8:48:4C:02
1,2016-09-27,0,A0:E6:F8:48:4C:02
1,2016-10-03,1,A0:E6:F8:48:4C:02
1,2016-10-05,0,A0:E6:F8:48:4C:02
1,2016-10-14,3,A0:E6:F8:48:4C:02
1,2016-11-08,1,A0:E6:F8:48:4C:02
1,2016-11-19,0,A0:E6:F8:48:4C:02
1,2016-12-06,1,A0:E6:F8:48:4C:02
1,2016-12-10,0,A0:E6:F8:48:4C:02
1,2017-09-26,1,A0:E6:F8:48:4C:02
1,2017-09-27,1,A0:E6:F8:48:4C:02
1,2017-09-28,1,A0:E6:F8:48:4C:02
1,2017-09-29,1,A0:E6:F8:48:4C:02
1,2017-09-30,1,A0:E6:F8:48:4C:02
1,2017-10-01,1,A0:E6:F8:48:4C:02
1,2017-10-02,1,A0:E6:F8:48:4C:02
1,2017-11-13,1,A0:E6:F8:48:4C:02
6,2016-07-12,0,A0:E6:F8:48:3E:B8
6,2016-09-23,1,A0:E6:F8:48:3E:B8
6,2016-10-21,2,A0:E6:F8:48:3E:B8
6,2016-11-09,3,A0:E6:F8:48:3E:B8
7,2016-07-07,1,A0:E6:F8:48:5F:E5
7,2016-09-20,2,A0:E6:F8:48:5F:E5
7,2016-10-05,0,A0:E6:F8:48:5F:E5
9,2016-07-07,1,A0:E6:F8:48:3D:E5
9,2016-09-20,2,A0:E6:F8:48:3D:E5
10,2016-07-07,1,A0:E6:F8:48:3B:DD
10,2016-09-20,2,A0:E6:F8:48:3B:DD
10,2017-03-20,3,A0:E6:F8:48:3B:DD
11,2016-07-07,1,A0:E6:F8:48:3B:EC
11,2016-09-20,2,A0:E6:F8:48:3B:EC
11,2017-11-28,3,A0:E6:F8:48:3B:EC
12,2016-07-07,1,A0:E6:F8:48:3B:B7
12,2016-09-20,2,A0:E6:F8:48:3B:B7
12,2017-06-02,3,A0:E6:F8:48:3B:B7
13,2016-07-07,1,A0:E6:F8:48:5E:B9
13,2016-09-20,2,A0:E6:F8:48:5E:B9
13,2017-03-20,3,A0:E6:F8:48:5E:B9
14,2016-07-07,0,A0:E6:F8:48:62:4D
14,2016-07-27,1,A0:E6:F8:48:62:4D
14,2016-10-20,2,A0:E6:F8:48:62:4D
14,2017-01-17,3,A0:E6:F8:48:62:4D
14,2017-01-26,1,A0:E6:F8:48:62:4D
15,2016-07-07,1,A0:E6:F8:48:3B:D6
15,2016-09-20,2,A0:E6:F8:48:3B:D6
16,2016-07-07,1,A0:E6:F8:48:3D:A3
16,2016-09-20,2,A0:E6:F8:48:3D:A3
16,2017-03-20,3,A0:E6:F8:48:3D:A3
18,2016-07-07,1,A0:E6:F8:48:62:27
18,2016-09-20,2,A0:E6:F8:48:62:27
19,2016-07-07,1,A0:E6:F8:48:4A:24
19,2016-09-20,2,A0:E6:F8:48:4A:24
19,2017-03-20,3,A0:E6:F8:48:4A:24
20,2016-07-07,1,A0:E6:F8:48:3D:93
20,2016-09-20,2,A0:E6:F8:48:3D:93
20,2017-02-22,3,A0:E6:F8:48:3D:93
21,2016-07-07,1,A0:E6:F8:48:3B:EA
21,2016-09-20,2,A0:E6:F8:48:3B:EA
21,2017-03-20,3,A0:E6:F8:48:3B:EA
23,2016-07-07,1,A0:E6:F8:48:3A:D2
23,2016-08-08,2,A0:E6:F8:48:3A:D2
23,2016-09-20,2,A0:E6:F8:48:3A:D2
23,2017-03-20,3,A0:E6:F8:48:3A:D2
24,2016-07-07,1,A0:E6:F8:48:3A:DF
24,2016-09-20,2,A0:E6:F8:48:3A:DF
24,2017-03-23,3,A0:E6:F8:48:3A:DF
25,2016-07-07,1,A0:E6:F8:48:4C:52
25,2016-09-20,2,A0:E6:F8:48:4C:52
25,2017-03-20,3,A0:E6:F8:48:4C:52
27,2016-07-07,1,A0:E6:F8:48:3B:BE
27,2016-09-20,2,A0:E6:F8:48:3B:BE
27,2017-06-21,3,A0:E6:F8:48:3B:BE
29,2016-07-07,1,A0:E6:F8:48:62:36
29,2016-09-20,2,A0:E6:F8:48:62:36
29,2017-03-29,3,A0:E6:F8:48:62:36
30,2016-07-11,3,A0:E6:F8:48:48:A5
30,2016-07-13,3,A0:E6:F8:48:48:A5
30,2016-08-18,4,A0:E6:F8:48:48:A5
32,2016-07-07,1,A0:E6:F8:48:3E:AC
32,2016-10-17,2,A0:E6:F8:48:3E:AC
32,2018-03-20,3,A0:E6:F8:48:3E:AC
33,2016-07-07,1,A0:E6:F8:48:3B:CE
33,2016-10-17,2,A0:E6:F8:48:3B:CE
33,2017-05-29,3,A0:E6:F8:48:3B:CE
34,2016-07-07,1,A0:E6:F8:48:3E:95
34,2016-10-17,2,A0:E6:F8:48:3E:95
34,2018-03-20,3,A0:E6:F8:48:3E:95
35,2016-07-18,0,A0:E6:F8:48:3B:FD
35,2016-09-03,1,A0:E6:F8:48:3B:FD
35,2016-11-20,0,A0:E6:F8:48:3B:FD
35,2017-10-19,2,A0:E6:F8:48:3B:FD
37,2016-07-07,1,A0:E6:F8:48:3E:CB
37,2016-10-05,2,A0:E6:F8:48:3E:CB
37,2017-03-23,3,A0:E6:F8:48:3E:CB
38,2016-07-07,1,A0:E6:F8:48:3B:FB
38,2016-09-20,2,A0:E6:F8:48:3B:FB
38,2017-03-20,3,A0:E6:F8:48:3B:FB
39,2016-07-07,1,A0:E6:F8:48:3A:AC
39,2016-09-20,2,A0:E6:F8:48:3A:AC
39,2017-03-30,3,A0:E6:F8:48:3A:AC
40,2016-07-07,1,A0:E6:F8:48:3E:BC
40,2016-09-20,2,A0:E6:F8:48:3E:BC
40,2017-03-29,3,A0:E6:F8:48:3E:BC
41,2016-07-07,1,A0:E6:F8:48:3B:CC
41,2016-09-20,2,A0:E6:F8:48:3B:CC
41,2017-03-20,3,A0:E6:F8:48:3B:CC
42,2016-07-07,1,A0:E6:F8:48:3B:CD
42,2016-09-20,2,A0:E6:F8:48:3B:CD
42,2017-03-23,3,A0:E6:F8:48:3B:CD
47,2016-07-07,1,A0:E6:F8:48:46:74
47,2016-10-17,2,A0:E6:F8:48:46:74
48,2016-07-07,1,A0:E6:F8:48:47:BC
48,2016-10-17,2,A0:E6:F8:48:47:BC
48,2017-03-23,3,A0:E6:F8:48:47:BC
49,2016-07-07,1,A0:E6:F8:48:47:FB
49,2016-10-17,2,A0:E6:F8:48:47:FB
49,2016-10-18,2,A0:E6:F8:48:47:FB
49,2017-07-04,3,A0:E6:F8:48:47:FB
50,2016-07-07,1,A0:E6:F8:48:48:C1
50,2016-10-17,2,A0:E6:F8:48:48:C1
51,2016-07-07,1,A0:E6:F8:48:4C:4D
51,2016-10-17,2,A0:E6:F8:48:4C:4D
52,2016-07-07,1,A0:E6:F8:48:5E:9F
52,2016-10-17,2,A0:E6:F8:48:5E:9F
52,2017-11-28,3,A0:E6:F8:48:5E:9F
53,2016-07-07,1,A0:E6:F8:48:4A:76
53,2016-10-17,2,A0:E6:F8:48:4A:76
58,2016-08-10,1,A0:E6:F8:48:5F:82
58,2016-10-17,2,A0:E6:F8:48:5F:82
58,2017-07-05,3,A0:E6:F8:48:5F:82
59,2016-08-10,1,A0:E6:F8:48:60:C9
59,2016-10-17,2,A0:E6:F8:48:60:C9
59,2017-08-10,3,A0:E6:F8:48:60:C9
60,2016-08-10,1,A0:E6:F8:48:47:F9
60,2016-10-17,2,A0:E6:F8:48:47:F9
60,2017-07-05,3,A0:E6:F8:48:47:F9
61,2016-08-10,1,A0:E6:F8:48:60:B9
61,2016-10-17,2,A0:E6:F8:48:60:B9
61,2017-07-05,3,A0:E6:F8:48:60:B9
62,2016-08-10,1,A0:E6:F8:48:5F:8A
62,2016-10-17,2,A0:E6:F8:48:5F:8A
62,2017-07-05,3,A0:E6:F8:48:5F:8A
63,2016-08-10,1,A0:E6:F8:48:3B:B9
63,2016-10-17,2,A0:E6:F8:48:3B:B9
63,2017-07-05,3,A0:E6:F8:48:3B:B9
64,2016-08-10,1,A0:E6:F8:48:5F:BF
64,2016-10-17,2,A0:E6:F8:48:5F:BF
64,2017-07-05,3,A0:E6:F8:48:5F:BF
65,2016-08-10,1,A0:E6:F8:48:3E:EA
65,2016-10-17,2,A0:E6:F8:48:3E:EA
65,2017-08-10,3,A0:E6:F8:48:3E:EA
66,2016-08-10,1,A0:E6:F8:48:3A:B7
66,2016-10-17,2,A0:E6:F8:48:3A:B7
66,2017-05-29,3,A0:E6:F8:48:3A:B7
67,2016-08-10,1,A0:E6:F8:48:47:A6
67,2016-10-17,2,A0:E6:F8:48:47:A6
67,2017-05-29,3,A0:E6:F8:48:47:A6
68,2016-08-10,1,A0:E6:F8:48:60:E4
68,2016-10-17,2,A0:E6:F8:48:60:E4
68,2017-08-10,3,A0:E6:F8:48:60:E4
69,2016-08-10,1,A0:E6:F8:48:3D:89
69,2016-10-17,2,A0:E6:F8:48:3D:89
69,2018-03-20,3,A0:E6:F8:48:3D:89
70,2016-08-10,1,A0:E6:F8:48:40:0B
70,2016-10-17,2,A0:E6:F8:48:40:0B
70,2017-03-20,3,A0:E6:F8:48:40:0B
71,2016-08-10,1,A0:E6:F8:48:3D:99
71,2016-10-17,2,A0:E6:F8:48:3D:99
71,2017-05-29,3,A0:E6:F8:48:3D:99
72,2016-08-10,1,A0:E6:F8:48:3B:A3
72,2016-10-17,2,A0:E6:F8:48:3B:A3
72,2017-03-22,3,A0:E6:F8:48:3B:A3
73,2016-08-10,1,A0:E6:F8:48:3A:AF
73,2016-10-17,2,A0:E6:F8:48:3A:AF
73,2017-07-04,3,A0:E6:F8:48:3A:AF
74,2016-08-10,1,A0:E6:F8:48:60:B4
74,2016-10-17,2,A0:E6:F8:48:60:B4
74,2017-03-20,3,A0:E6:F8:48:60:B4
75,2016-08-10,1,A0:E6:F8:48:47:AE
75,2016-10-18,2,A0:E6:F8:48:47:AE
75,2017-05-29,3,A0:E6:F8:48:47:AE
77,2016-08-10,1,A0:E6:F8:48:5F:AA
77,2016-10-17,2,A0:E6:F8:48:5F:AA
77,2017-11-28,3,A0:E6:F8:48:5F:AA
78,2016-10-17,3,A0:E6:F8:48:52:A9
79,2016-08-10,1,A0:E6:F8:48:60:86
79,2016-10-17,2,A0:E6:F8:48:60:86
79,2017-03-23,3,A0:E6:F8:48:60:86
80,2016-08-10,1,A0:E6:F8:48:60:94
80,2016-10-17,2,A0:E6:F8:48:60:94
80,2017-02-10,3,A0:E6:F8:48:60:94
81,2016-08-10,1,A0:E6:F8:48:60:95
81,2016-10-17,2,A0:E6:F8:48:60:95
81,2017-07-27,3,A0:E6:F8:48:60:95
82,2016-08-10,1,A0:E6:F8:48:3B:E4
82,2016-10-28,0,A0:E6:F8:48:3B:E4
82,2016-11-10,2,A0:E6:F8:48:3B:E4
85,2016-08-10,1,A0:E6:F8:48:60:BA
85,2016-10-18,2,A0:E6:F8:48:60:BA
85,2017-05-01,3,A0:E6:F8:48:60:BA
86,2016-08-10,1,A0:E6:F8:48:60:F1
86,2016-10-18,2,A0:E6:F8:48:60:F1
86,2017-06-02,3,A0:E6:F8:48:60:F1
87,2016-08-10,1,A0:E6:F8:48:5F:A3
87,2016-10-17,2,A0:E6:F8:48:5F:A3
87,2017-05-29,3,A0:E6:F8:48:5F:A3
88,2016-08-10,1,A0:E6:F8:48:4C:06
88,2016-10-17,2,A0:E6:F8:48:4C:06
88,2017-05-29,3,A0:E6:F8:48:4C:06
89,2016-08-10,1,A0:E6:F8:48:3A:E8
89,2016-10-17,2,A0:E6:F8:48:3A:E8
89,2017-05-29,3,A0:E6:F8:48:3A:E8
90,2016-08-10,1,A0:E6:F8:48:60:CE
90,2016-10-17,2,A0:E6:F8:48:60:CE
90,2017-06-30,3,A0:E6:F8:48:60:CE
91,2016-08-10,1,A0:E6:F8:48:3A:CA
91,2016-10-17,2,A0:E6:F8:48:3A:CA
91,2017-06-30,3,A0:E6:F8:48:3A:CA
93,2016-08-10,1,A0:E6:F8:48:62:10
93,2016-10-17,2,A0:E6:F8:48:62:10
93,2017-05-29,3,A0:E6:F8:48:62:10
94,2016-08-10,1,A0:E6:F8:48:5F:D9
94,2016-10-18,2,A0:E6:F8:48:5F:D9
94,2017-03-20,3,A0:E6:F8:48:5F:D9
95,2016-08-10,1,A0:E6:F8:48:3E:A6
95,2016-10-18,2,A0:E6:F8:48:3E:A6
95,2017-03-20,3,A0:E6:F8:48:3E:A6
96,2016-08-10,1,A0:E6:F8:48:62:39
96,2016-10-17,2,A0:E6:F8:48:62:39
96,2017-05-01,3,A0:E6:F8:48:62:39
97,2016-08-10,1,A0:E6:F8:48:5F:BA
97,2016-10-17,2,A0:E6:F8:48:5F:BA
97,2017-06-02,3,A0:E6:F8:48:5F:BA
98,2016-08-10,1,A0:E6:F8:48:3B:DF
98,2016-10-17,2,A0:E6:F8:48:3B:DF
99,2016-08-10,1,A0:E6:F8:48:62:57
99,2016-10-17,2,A0:E6:F8:48:62:57
99,2017-03-24,3,A0:E6:F8:48:62:57
100,2016-08-10,1,A0:E6:F8:48:62:06
100,2016-10-17,2,A0:E6:F8:48:62:06
100,2017-01-31,0,A0:E6:F8:48:62:06
100,2017-11-13,1,A0:E6:F8:48:62:06
101,2016-08-10,1,A0:E6:F8:48:5F:F5
101,2016-10-17,2,A0:E6:F8:48:5F:F5
101,2017-01-31,0,A0:E6:F8:48:5F:F5
101,2017-06-02,1,A0:E6:F8:48:5F:F5
102,2016-08-10,1,A0:E6:F8:48:3B:E1
102,2016-10-17,2,A0:E6:F8:48:3B:E1
102,2017-01-31,0,A0:E6:F8:48:3B:E1
103,2016-08-10,1,A0:E6:F8:48:48:88
103,2016-10-17,2,A0:E6:F8:48:48:88
103,2017-01-31,0,A0:E6:F8:48:48:88
104,2016-08-10,1,A0:E6:F8:48:4C:29
104,2016-10-17,2,A0:E6:F8:48:4C:29
104,2017-01-31,0,A0:E6:F8:48:4C:29
105,2016-08-10,1,A0:E6:F8:48:3E:F8
105,2016-10-17,2,A0:E6:F8:48:3E:F8
105,2017-01-31,0,A0:E6:F8:48:3E:F8
106,2016-08-10,1,A0:E6:F8:48:5F:E8
106,2016-10-17,2,A0:E6:F8:48:5F:E8
106,2017-11-30,3,A0:E6:F8:48:5F:E8
107,2016-08-10,1,A0:E6:F8:48:47:89
107,2016-10-17,2,A0:E6:F8:48:47:89
107,2017-07-26,3,A0:E6:F8:48:47:89
108,2016-08-10,1,A0:E6:F8:48:3E:80
108,2016-10-17,2,A0:E6:F8:48:3E:80
109,2016-08-10,1,A0:E6:F8:48:3D:DC
109,2016-10-17,2,A0:E6:F8:48:3D:DC
109,2017-03-20,3,A0:E6:F8:48:3D:DC
110,2016-08-10,1,A0:E6:F8:48:5F:B0
110,2016-10-17,2,A0:E6:F8:48:5F:B0
110,2017-11-28,3,A0:E6:F8:48:5F:B0
111,2016-08-10,1,A0:E6:F8:48:5F:CD
111,2016-10-17,2,A0:E6:F8:48:5F:CD
112,2016-08-10,1,A0:E6:F8:48:60:D2
112,2016-10-17,2,A0:E6:F8:48:60:D2
112,2017-07-26,3,A0:E6:F8:48:60:D2
113,2016-08-10,1,A0:E6:F8:48:62:6A
113,2016-10-17,2,A0:E6:F8:48:62:6A
114,2016-08-10,1,A0:E6:F8:48:3B:E9
114,2016-10-17,2,A0:E6:F8:48:3B:E9
114,2017-03-20,3,A0:E6:F8:48:3B:E9
115,2016-08-10,1,A0:E6:F8:48:62:5C
115,2016-10-17,2,A0:E6:F8:48:62:5C
115,2018-03-20,3,A0:E6:F8:48:62:5C
116,2016-08-10,1,A0:E6:F8:48:62:23
116,2016-10-18,2,A0:E6:F8:48:62:23
116,2017-07-25,3,A0:E6:F8:48:62:23
121,2016-08-30,1,A0:E6:F8:48:5E:B7
121,2016-09-20,2,A0:E6:F8:48:5E:B7
121,2017-06-02,3,A0:E6:F8:48:5E:B7
122,2016-08-30,1,A0:E6:F8:48:3E:85
122,2016-09-20,2,A0:E6:F8:48:3E:85
122,2017-07-13,3,A0:E6:F8:48:3E:85
123,2016-08-30,1,A0:E6:F8:48:47:F1
123,2016-09-20,2,A0:E6:F8:48:47:F1
123,2017-07-26,3,A0:E6:F8:48:47:F1
124,2016-08-30,1,A0:E6:F8:48:3A:D7
124,2016-09-20,2,A0:E6:F8:48:3A:D7
124,2017-07-11,3,A0:E6:F8:48:3A:D7
125,2016-08-30,1,A0:E6:F8:48:4A:71
125,2016-09-20,2,A0:E6:F8:48:4A:71
125,2017-08-10,3,A0:E6:F8:48:4A:71
126,2016-08-30,1,A0:E6:F8:48:4A:3C
126,2016-09-20,2,A0:E6:F8:48:4A:3C
126,2017-06-02,3,A0:E6:F8:48:4A:3C
127,2016-08-30,1,A0:E6:F8:48:5F:96
127,2016-09-20,2,A0:E6:F8:48:5F:96
127,2017-08-10,3,A0:E6:F8:48:5F:96
128,2016-08-30,1,A0:E6:F8:48:47:97
128,2016-09-20,2,A0:E6:F8:48:47:97
128,2017-06-06,3,A0:E6:F8:48:47:97
129,2016-08-30,1,A0:E6:F8:48:4C:66
129,2016-09-20,2,A0:E6:F8:48:4C:66
129,2017-08-10,3,A0:E6:F8:48:4C:66
130,2016-08-30,1,A0:E6:F8:48:47:A5
130,2016-09-20,2,A0:E6:F8:48:47:A5
130,2017-08-10,3,A0:E6:F8:48:47:A5
131,2016-08-17,0,A0:E6:F8:48:60:C2
131,2016-08-30,1,A0:E6:F8:48:60:C2
131,2016-09-20,2,A0:E6:F8:48:60:C2
131,2016-11-02,3,A0:E6:F8:48:60:C2
133,2016-08-30,1,A0:E6:F8:48:46:75
133,2016-09-19,2,A0:E6:F8:48:46:75
133,2017-05-29,3,A0:E6:F8:48:46:75
134,2016-08-17,0,A0:E6:F8:48:5E:EF
134,2016-08-30,1,A0:E6:F8:48:5E:EF
134,2016-09-20,2,A0:E6:F8:48:5E:EF
134,2016-11-02,3,A0:E6:F8:48:5E:EF
135,2016-08-30,1,A0:E6:F8:48:5E:C7
135,2016-09-19,2,A0:E6:F8:48:5E:C7
135,2017-05-29,3,A0:E6:F8:48:5E:C7
136,2016-08-30,1,A0:E6:F8:48:3D:F2
136,2016-09-20,2,A0:E6:F8:48:3D:F2
136,2017-07-13,3,A0:E6:F8:48:3D:F2
137,2016-08-30,1,A0:E6:F8:48:5F:A1
137,2016-09-20,2,A0:E6:F8:48:5F:A1
137,2018-03-20,3,A0:E6:F8:48:5F:A1
138,2016-08-30,1,A0:E6:F8:48:5F:FB
138,2016-09-20,2,A0:E6:F8:48:5F:FB
138,2017-03-20,3,A0:E6:F8:48:5F:FB
139,2016-08-30,1,A0:E6:F8:48:48:DA
139,2016-09-20,2,A0:E6:F8:48:48:DA
139,2017-07-13,3,A0:E6:F8:48:48:DA
140,2016-08-30,1,A0:E6:F8:48:4A:7A
140,2016-09-20,2,A0:E6:F8:48:4A:7A
140,2017-03-20,3,A0:E6:F8:48:4A:7A
141,2016-08-29,0,A0:E6:F8:48:5F:F9
141,2016-08-30,1,A0:E6:F8:48:5F:F9
141,2016-09-20,2,A0:E6:F8:48:5F:F9
141,2016-11-02,3,A0:E6:F8:48:5F:F9
142,2016-08-28,0,A0:E6:F8:48:3A:E5
142,2016-08-30,1,A0:E6:F8:48:3A:E5
142,2016-09-20,2,A0:E6:F8:48:3A:E5
142,2016-11-02,3,A0:E6:F8:48:3A:E5
142,2018-01-12,0,A0:E6:F8:48:3A:E5
143,2016-08-18,0,A0:E6:F8:48:60:CF
143,2016-08-30,1,A0:E6:F8:48:60:CF
143,2016-09-19,2,A0:E6:F8:48:60:CF
143,2016-11-02,3,A0:E6:F8:48:60:CF
144,2016-08-30,1,A0:E6:F8:48:5E:EC
144,2016-09-19,2,A0:E6:F8:48:5E:EC
144,2017-05-29,3,A0:E6:F8:48:5E:EC
145,2016-08-30,1,A0:E6:F8:48:4A:7B
145,2016-09-20,2,A0:E6:F8:48:4A:7B
145,2017-07-03,3,A0:E6:F8:48:4A:7B
146,2016-08-30,1,A0:E6:F8:48:62:2D
146,2016-09-20,2,A0:E6:F8:48:62:2D
146,2017-03-20,3,A0:E6:F8:48:62:2D
147,2016-08-30,1,A0:E6:F8:48:4A:64
147,2016-09-20,2,A0:E6:F8:48:4A:64
147,2017-03-20,3,A0:E6:F8:48:4A:64
148,2016-08-30,1,A0:E6:F8:48:4A:59
148,2016-09-20,2,A0:E6:F8:48:4A:59
148,2017-03-22,3,A0:E6:F8:48:4A:59
149,2016-08-30,1,A0:E6:F8:48:5F:E4
149,2016-09-20,2,A0:E6:F8:48:5F:E4
149,2017-03-20,3,A0:E6:F8:48:5F:E4
150,2016-08-30,1,A0:E6:F8:48:3B:CF
150,2016-09-20,2,A0:E6:F8:48:3B:CF
150,2017-03-20,3,A0:E6:F8:48:3B:CF
151,2016-08-30,1,A0:E6:F8:48:3A:D5
151,2016-09-20,2,A0:E6:F8:48:3A:D5
152,2016-08-19,0,A0:E6:F8:48:48:9A
152,2016-08-30,1,A0:E6:F8:48:48:9A
152,2016-09-19,2,A0:E6:F8:48:48:9A
152,2016-11-02,3,A0:E6:F8:48:48:9A
153,2016-08-27,0,A0:E6:F8:48:47:FA
153,2016-08-30,1,A0:E6:F8:48:47:FA
153,2016-09-19,2,A0:E6:F8:48:47:FA
153,2016-11-02,3,A0:E6:F8:48:47:FA
154,2016-08-30,1,A0:E6:F8:48:47:F0
154,2016-09-20,2,A0:E6:F8:48:47:F0
154,2017-08-10,3,A0:E6:F8:48:47:F0
156,2016-08-21,0,A0:E6:F8:48:3E:89
156,2016-08-30,1,A0:E6:F8:48:3E:89
156,2016-09-20,2,A0:E6:F8:48:3E:89
156,2016-11-02,3,A0:E6:F8:48:3E:89
157,2016-08-30,1,A0:E6:F8:48:3A:C7
157,2016-09-19,2,A0:E6:F8:48:3A:C7
157,2017-05-03,3,A0:E6:F8:48:3A:C7
160,2016-08-30,1,A0:E6:F8:48:3E:93
160,2016-09-20,2,A0:E6:F8:48:3E:93
160,2017-05-01,3,A0:E6:F8:48:3E:93
230,2016-09-13,1,A0:E6:F8:48:62:1A
230,2016-10-05,2,A0:E6:F8:48:62:1A
230,2017-05-29,3,A0:E6:F8:48:62:1A
231,2016-09-13,1,A0:E6:F8:48:5F:85
231,2016-10-05,2,A0:E6:F8:48:5F:85
231,2017-03-20,3,A0:E6:F8:48:5F:85
232,2016-09-13,1,A0:E6:F8:48:5E:A3
232,2016-10-06,2,A0:E6:F8:48:5E:A3
232,2017-07-18,3,A0:E6:F8:48:5E:A3
233,2016-09-13,1,A0:E6:F8:48:4D:84
233,2016-10-06,2,A0:E6:F8:48:4D:84
233,2018-03-20,3,A0:E6:F8:48:4D:84
234,2016-09-13,1,A0:E6:F8:48:60:E2
234,2016-10-05,2,A0:E6:F8:48:60:E2
234,2017-03-20,3,A0:E6:F8:48:60:E2
235,2016-09-13,1,A0:E6:F8:48:5E:E1
235,2016-10-05,2,A0:E6:F8:48:5E:E1
235,2017-05-29,3,A0:E6:F8:48:5E:E1
237,2016-09-13,1,A0:E6:F8:48:3B:86
237,2016-10-17,2,A0:E6:F8:48:3B:86
237,2017-08-10,3,A0:E6:F8:48:3B:86
238,2016-09-13,1,A0:E6:F8:48:3B:85
238,2016-10-18,2,A0:E6:F8:48:3B:85
238,2017-05-22,3,A0:E6:F8:48:3B:85
240,2016-09-13,1,A0:E6:F8:48:62:4B
240,2016-10-06,2,A0:E6:F8:48:62:4B
240,2017-03-20,3,A0:E6:F8:48:62:4B
241,2016-09-13,0,A0:E6:F8:48:47:90
241,2016-10-17,3,A0:E6:F8:48:47:90
242,2016-09-13,1,A0:E6:F8:48:62:40
242,2016-10-18,2,A0:E6:F8:48:62:40
242,2017-03-20,3,A0:E6:F8:48:62:40
243,2016-09-13,1,A0:E6:F8:48:48:83
243,2016-10-18,2,A0:E6:F8:48:48:83
243,2017-06-21,3,A0:E6:F8:48:48:83
244,2016-09-13,1,A0:E6:F8:48:3D:FC
244,2016-10-18,2,A0:E6:F8:48:3D:FC
244,2017-05-10,3,A0:E6:F8:48:3D:FC
245,2016-09-13,1,A0:E6:F8:48:3E:EC
245,2016-10-18,2,A0:E6:F8:48:3E:EC
245,2017-02-23,3,A0:E6:F8:48:3E:EC
246,2016-09-13,1,A0:E6:F8:48:60:C3
246,2016-10-17,2,A0:E6:F8:48:60:C3
246,2018-03-20,3,A0:E6:F8:48:60:C3
247,2016-09-13,1,A0:E6:F8:48:3E:C6
247,2016-10-17,2,A0:E6:F8:48:3E:C6
247,2017-08-10,3,A0:E6:F8:48:3E:C6
248,2016-09-13,1,A0:E6:F8:48:48:CA
248,2016-10-17,2,A0:E6:F8:48:48:CA
248,2017-07-26,3,A0:E6:F8:48:48:CA
249,2016-09-13,1,A0:E6:F8:48:3A:9B
249,2016-10-17,2,A0:E6:F8:48:3A:9B
249,2017-08-01,3,A0:E6:F8:48:3A:9B
250,2016-09-13,1,A0:E6:F8:48:52:AD
250,2016-10-17,2,A0:E6:F8:48:52:AD
250,2017-03-23,3,A0:E6:F8:48:52:AD
251,2016-09-13,1,A0:E6:F8:48:62:6F
251,2016-10-17,2,A0:E6:F8:48:62:6F
251,2017-03-29,3,A0:E6:F8:48:62:6F
252,2016-09-13,1,A0:E6:F8:48:60:A1
252,2016-10-17,2,A0:E6:F8:48:60:A1
252,2017-06-19,3,A0:E6:F8:48:60:A1
253,2016-09-13,1,A0:E6:F8:48:4F:1A
253,2016-10-17,2,A0:E6:F8:48:4F:1A
253,2017-05-10,3,A0:E6:F8:48:4F:1A
255,2016-09-13,1,A0:E6:F8:48:40:0D
255,2016-10-05,2,A0:E6:F8:48:40:0D
255,2018-03-20,3,A0:E6:F8:48:40:0D
256,2016-09-13,1,A0:E6:F8:48:3D:AD
256,2016-10-05,2,A0:E6:F8:48:3D:AD
256,2017-03-20,3,A0:E6:F8:48:3D:AD
257,2016-09-13,1,A0:E6:F8:48:3B:D4
257,2016-10-05,2,A0:E6:F8:48:3B:D4
257,2017-05-23,3,A0:E6:F8:48:3B:D4
258,2016-09-13,1,A0:E6:F8:48:48:AC
258,2016-10-05,2,A0:E6:F8:48:48:AC
258,2017-03-31,3,A0:E6:F8:48:48:AC
259,2016-09-13,1,A0:E6:F8:48:3A:D0
259,2016-10-06,2,A0:E6:F8:48:3A:D0
259,2017-03-23,3,A0:E6:F8:48:3A:D0
261,2016-09-13,1,A0:E6:F8:48:47:EE
261,2016-10-05,2,A0:E6:F8:48:47:EE
261,2017-08-14,3,A0:E6:F8:48:47:EE
263,2016-09-13,1,A0:E6:F8:48:48:97
263,2016-10-06,2,A0:E6:F8:48:48:97
263,2017-07-24,3,A0:E6:F8:48:48:97
264,2016-09-13,0,A0:E6:F8:48:4A:6B
264,2016-09-14,1,A0:E6:F8:48:4A:6B
264,2016-11-10,2,A0:E6:F8:48:4A:6B
265,2016-09-13,1,A0:E6:F8:48:60:D7
265,2016-10-05,2,A0:E6:F8:48:60:D7
265,2016-10-10,1,A0:E6:F8:48:60:D7
265,2016-10-25,2,A0:E6:F8:48:60:D7
266,2016-09-13,1,A0:E6:F8:48:48:86
266,2016-10-05,2,A0:E6:F8:48:48:86
266,2017-07-26,3,A0:E6:F8:48:48:86
267,2016-09-13,1,A0:E6:F8:48:4A:75
267,2016-10-05,2,A0:E6:F8:48:4A:75
271,2016-09-13,1,A0:E6:F8:48:5E:FF
271,2016-10-05,2,A0:E6:F8:48:5E:FF
273,2016-09-13,1,A0:E6:F8:48:3E:CE
273,2016-10-05,2,A0:E6:F8:48:3E:CE
273,2017-05-18,3,A0:E6:F8:48:3E:CE
275,2016-09-13,1,A0:E6:F8:48:62:3B
275,2016-10-05,2,A0:E6:F8:48:62:3B
275,2017-05-29,3,A0:E6:F8:48:62:3B
277,2016-09-13,1,A0:E6:F8:48:3E:A9
277,2016-10-05,2,A0:E6:F8:48:3E:A9
277,2017-03-20,3,A0:E6:F8:48:3E:A9
278,2016-09-13,1,A0:E6:F8:48:3B:C5
278,2016-10-05,2,A0:E6:F8:48:3B:C5
278,2017-12-19,3,A0:E6:F8:48:3B:C5
279,2016-09-13,1,A0:E6:F8:48:3B:AF
279,2016-10-05,2,A0:E6:F8:48:3B:AF
279,2018-03-20,3,A0:E6:F8:48:3B:AF
280,2016-09-13,1,A0:E6:F8:48:62:4F
280,2016-10-05,2,A0:E6:F8:48:62:4F
281,2016-09-13,1,A0:E6:F8:48:3E:92
281,2016-10-05,2,A0:E6:F8:48:3E:92
281,2017-03-20,3,A0:E6:F8:48:3E:92
282,2016-09-13,1,A0:E6:F8:48:3B:EE
282,2016-10-05,2,A0:E6:F8:48:3B:EE
282,2017-07-25,3,A0:E6:F8:48:3B:EE
283,2016-09-13,1,A0:E6:F8:48:3E:CA
283,2016-10-06,2,A0:E6:F8:48:3E:CA
283,2018-03-20,3,A0:E6:F8:48:3E:CA
284,2016-09-13,1,A0:E6:F8:48:3E:FA
284,2016-10-05,2,A0:E6:F8:48:3E:FA
284,2018-03-20,3,A0:E6:F8:48:3E:FA
285,2016-09-13,1,A0:E6:F8:48:3D:FF
285,2016-10-05,2,A0:E6:F8:48:3D:FF
285,2017-07-26,3,A0:E6:F8:48:3D:FF
286,2016-09-13,1,A0:E6:F8:48:62:26
286,2016-10-06,2,A0:E6:F8:48:62:26
286,2017-07-24,3,A0:E6:F8:48:62:26
288,2016-09-13,1,A0:E6:F8:48:5F:E9
288,2016-10-05,2,A0:E6:F8:48:5F:E9
288,2017-05-29,3,A0:E6:F8:48:5F:E9
291,2016-09-13,0,A0:E6:F8:48:4A:19
291,2016-10-03,1,A0:E6:F8:48:4A:19
291,2016-10-18,2,A0:E6:F8:48:4A:19
291,2016-12-08,2,A0:E6:F8:48:4A:19
291,2016-12-13,3,A0:E6:F8:48:4A:19
291,2017-11-28,0,A0:E6:F8:48:4A:19
299,2016-09-13,1,A0:E6:F8:48:60:9A
299,2016-10-05,2,A0:E6:F8:48:60:9A
299,2017-03-20,3,A0:E6:F8:48:60:9A
310,2016-09-13,1,A0:E6:F8:48:5E:ED
310,2016-10-05,0,A0:E6:F8:48:5E:ED
310,2016-10-13,3,A0:E6:F8:48:5E:ED
311,2016-09-13,1,A0:E6:F8:48:46:73
311,2016-10-05,0,A0:E6:F8:48:46:73
311,2016-10-13,3,A0:E6:F8:48:46:73
313,2016-09-13,1,A0:E6:F8:48:3A:C1
313,2016-10-05,0,A0:E6:F8:48:3A:C1
313,2016-10-13,3,A0:E6:F8:48:3A:C1
314,2016-09-13,0,A0:E6:F8:48:60:B0
314,2016-09-24,1,A0:E6:F8:48:60:B0
314,2016-10-13,2,A0:E6:F8:48:60:B0
315,2016-09-13,1,A0:E6:F8:48:4C:37
315,2016-10-05,0,A0:E6:F8:48:4C:37
315,2017-01-05,2,A0:E6:F8:48:4C:37
316,2016-09-13,1,A0:E6:F8:48:48:90
316,2016-10-05,0,A0:E6:F8:48:48:90
316,2016-10-11,4,A0:E6:F8:48:48:90
316,2016-10-13,1,A0:E6:F8:48:48:90
316,2016-10-25,2,A0:E6:F8:48:48:90
316,2016-11-25,3,A0:E6:F8:48:48:90
316,2017-09-12,3,A0:E6:F8:48:48:90
317,2016-09-13,1,A0:E6:F8:48:5F:A4
317,2016-10-05,0,A0:E6:F8:48:5F:A4
317,2016-10-13,3,A0:E6:F8:48:5F:A4
318,2016-09-13,1,A0:E6:F8:48:5F:DC
318,2016-10-05,0,A0:E6:F8:48:5F:DC
318,2016-10-13,3,A0:E6:F8:48:5F:DC
325,2016-09-13,1,A0:E6:F8:48:60:B3
325,2016-10-05,2,A0:E6:F8:48:60:B3
326,2016-09-13,1,A0:E6:F8:48:5F:A9
326,2016-10-05,2,A0:E6:F8:48:5F:A9
327,2016-09-13,1,A0:E6:F8:48:3D:E0
327,2016-10-05,2,A0:E6:F8:48:3D:E0
328,2016-09-13,1,A0:E6:F8:48:40:0A
328,2016-10-05,2,A0:E6:F8:48:40:0A
328,2017-03-21,3,A0:E6:F8:48:40:0A
329,2016-09-13,1,A0:E6:F8:48:3E:9F
329,2016-09-19,2,A0:E6:F8:48:3E:9F
329,2017-05-23,3,A0:E6:F8:48:3E:9F
348,2016-09-29,1,A0:E6:F8:48:5F:9A
348,2016-10-05,0,A0:E6:F8:48:5F:9A
348,2017-01-12,3,A0:E6:F8:48:5F:9A
348,2017-11-13,2,A0:E6:F8:48:5F:9A
348,2018-02-08,3,A0:E6:F8:48:5F:9A
360,2016-10-05,1,A0:E6:F8:48:47:D5
360,2016-10-11,0,A0:E6:F8:48:47:D5
360,2016-10-17,3,A0:E6:F8:48:47:D5
401,2016-10-05,1,A0:E6:F8:48:4D:D4
401,2016-10-11,0,A0:E6:F8:48:4D:D4
401,2016-10-17,3,A0:E6:F8:48:4D:D4
437,2016-10-05,1,A0:E6:F8:48:3A:9E
437,2016-10-11,0,A0:E6:F8:48:3A:9E
437,2016-10-17,3,A0:E6:F8:48:3A:9E
437,2016-10-18,3,A0:E6:F8:48:3A:9E
440,2016-10-05,1,A0:E6:F8:48:3A:B0
440,2016-10-11,0,A0:E6:F8:48:3A:B0
440,2016-10-17,3,A0:E6:F8:48:3A:B0
448,2016-10-05,1,A0:E6:F8:48:3A:E4
448,2016-10-11,0,A0:E6:F8:48:3A:E4
448,2016-10-17,3,A0:E6:F8:48:3A:E4
450,2016-10-05,1,A0:E6:F8:48:3E:B4
450,2016-10-11,0,A0:E6:F8:48:3E:B4
450,2016-10-17,3,A0:E6:F8:48:3E:B4
455,2016-10-05,1,A0:E6:F8:48:3E:DB
455,2016-10-11,0,A0:E6:F8:48:3E:DB
455,2016-10-17,3,A0:E6:F8:48:3E:DB
495,2016-10-05,1,A0:E6:F8:48:3D:AF
495,2016-10-11,0,A0:E6:F8:48:3D:AF
495,2016-10-17,3,A0:E6:F8:48:3D:AF
521,2016-10-05,1,A0:E6:F8:48:3A:E3
521,2016-10-11,0,A0:E6:F8:48:3A:E3
521,2016-10-17,3,A0:E6:F8:48:3A:E3
529,2016-10-05,1,A0:E6:F8:48:3A:DA
529,2016-10-11,0,A0:E6:F8:48:3A:DA
529,2016-10-17,3,A0:E6:F8:48:3A:DA
529,2018-03-14,0,A0:E6:F8:48:3A:DA
551,2016-10-05,1,A0:E6:F8:48:4C:2C
551,2016-10-11,0,A0:E6:F8:48:4C:2C
551,2016-10-17,3,A0:E6:F8:48:4C:2C
575,2016-10-05,1,A0:E6:F8:48:3D:B5
575,2016-10-11,0,A0:E6:F8:48:3D:B5
575,2016-10-17,3,A0:E6:F8:48:3D:B5
601,2016-10-05,1,A0:E6:F8:48:47:E9
601,2016-10-11,0,A0:E6:F8:48:47:E9
601,2016-10-17,3,A0:E6:F8:48:47:E9
602,2016-10-05,1,A0:E6:F8:48:5F:D4
602,2016-10-11,0,A0:E6:F8:48:5F:D4
602,2016-10-17,3,A0:E6:F8:48:5F:D4
607,2016-10-05,1,A0:E6:F8:48:4A:6E
607,2016-10-11,0,A0:E6:F8:48:4A:6E
607,2016-10-17,3,A0:E6:F8:48:4A:6E
613,2016-10-05,1,A0:E6:F8:48:48:BC
613,2016-10-11,0,A0:E6:F8:48:48:BC
613,2016-10-17,3,A0:E6:F8:48:48:BC
614,2016-10-05,1,A0:E6:F8:48:47:F3
614,2016-10-11,0,A0:E6:F8:48:47:F3
614,2016-10-17,3,A0:E6:F8:48:47:F3
614,2016-10-30,0,A0:E6:F8:48:47:F3
614,2017-02-22,1,A0:E6:F8:48:47:F3
614,2017-08-10,0,A0:E6:F8:48:47:F3
614,2017-08-16,1,A0:E6:F8:48:47:F3
618,2016-10-05,1,A0:E6:F8:48:5F:97
618,2016-10-11,0,A0:E6:F8:48:5F:97
618,2016-10-17,3,A0:E6:F8:48:5F:97
618,2016-12-13,2,A0:E6:F8:48:5F:97
618,2017-07-24,3,A0:E6:F8:48:5F:97
628,2016-10-05,1,A0:E6:F8:48:47:B9
628,2016-10-11,0,A0:E6:F8:48:47:B9
628,2016-10-17,3,A0:E6:F8:48:47:B9
647,2016-10-05,1,A0:E6:F8:48:47:8B
647,2016-10-11,0,A0:E6:F8:48:47:8B
647,2016-10-17,3,A0:E6:F8:48:47:8B
671,2016-10-05,1,A0:E6:F8:48:60:D1
671,2016-10-28,0,A0:E6:F8:48:60:D1
671,2017-12-15,2,A0:E6:F8:48:60:D1
720,2016-10-05,1,A0:E6:F8:48:48:FB
720,2016-10-11,0,A0:E6:F8:48:48:FB
720,2016-10-17,3,A0:E6:F8:48:48:FB
723,2016-10-05,1,A0:E6:F8:48:3E:D7
723,2016-10-11,0,A0:E6:F8:48:3E:D7
723,2016-10-17,3,A0:E6:F8:48:3E:D7
725,2016-10-05,1,A0:E6:F8:48:60:F2
725,2016-10-11,0,A0:E6:F8:48:60:F2
725,2016-10-17,3,A0:E6:F8:48:60:F2
738,2016-10-05,1,A0:E6:F8:48:3B:C1
738,2016-10-11,0,A0:E6:F8:48:3B:C1
738,2016-10-17,3,A0:E6:F8:48:3B:C1
751,2016-10-05,1,A0:E6:F8:48:3E:FE
751,2016-10-11,0,A0:E6:F8:48:3E:FE
751,2016-10-17,3,A0:E6:F8:48:3E:FE
766,2016-10-05,1,A0:E6:F8:48:60:DF
766,2016-10-11,0,A0:E6:F8:48:60:DF
766,2016-10-17,3,A0:E6:F8:48:60:DF
776,2016-10-05,1,A0:E6:F8:48:48:96
776,2016-10-11,0,A0:E6:F8:48:48:96
776,2016-10-17,3,A0:E6:F8:48:48:96
883,2016-10-05,1,A0:E6:F8:48:47:BF
883,2017-06-05,2,A0:E6:F8:48:47:BF
883,2018-01-04,0,A0:E6:F8:48:47:BF
948,2016-10-05,1,A0:E6:F8:48:3D:A4
948,2017-05-17,1,A0:E6:F8:48:3D:A4
948,2017-05-30,3,A0:E6:F8:48:3D:A4
948,2017-06-02,1,A0:E6:F8:48:3D:A4
948,2017-06-09,3,A0:E6:F8:48:3D:A4
948,2017-06-19,3,A0:E6:F8:48:3D:A4
948,2017-10-25,1,A0:E6:F8:48:3D:A4
948,2017-11-07,0,A0:E6:F8:48:3D:A4
948,2017-11-13,1,A0:E6:F8:48:3D:A4
1189,2016-10-05,1,A0:E6:F8:48:48:E7
1189,2017-08-22,3,A0:E6:F8:48:48:E7
1189,2018-01-04,0,A0:E6:F8:48:48:E7
1916,2016-10-10,1,CC:78:AB:15:A9:6E
1916,2016-11-25,0,CC:78:AB:15:A9:6E
1916,2017-12-15,2,CC:78:AB:15:A9:6E
2025,2016-10-10,1,CC:78:AB:15:A0:9D
2025,2016-11-18,0,CC:78:AB:15:A0:9D
2025,2017-12-15,2,CC:78:AB:15:A0:9D
2295,2016-10-11,0,A0:E6:F8:48:47:BB
2295,2016-10-17,3,A0:E6:F8:48:47:BB
7643,2016-10-25,0,CC:78:AB:15:22:D0
9654,2016-10-28,1,CC:78:AB:03:ED:35
9654,2017-03-17,0,CC:78:AB:03:ED:35
9654,2017-09-26,3,CC:78:AB:03:ED:35
9654,2017-10-16,1,CC:78:AB:03:ED:35
10730,2016-11-07,1,CC:78:AB:16:86:89
10730,2017-07-24,2,CC:78:AB:16:86:89
10886,2016-11-07,1,CC:78:AB:16:89:DA
10886,2017-01-30,0,CC:78:AB:16:89:DA
10886,2017-02-01,1,CC:78:AB:16:89:DA
10886,2017-02-21,2,CC:78:AB:16:89:DA
11092,2016-11-07,1,CC:78:AB:03:B8:CF
11092,2017-05-26,3,CC:78:AB:03:B8:CF
11433,2016-11-07,1,CC:78:AB:03:A7:51
11433,2017-08-10,0,CC:78:AB:03:A7:51
11433,2017-08-18,3,CC:78:AB:03:A7:51
11433,2017-11-17,0,CC:78:AB:03:A7:51
11471,2016-11-07,1,CC:78:AB:03:B8:E9
11471,2017-08-07,0,CC:78:AB:03:B8:E9
11471,2018-01-10,3,CC:78:AB:03:B8:E9
11692,2016-11-07,1,CC:78:AB:15:37:6D
11692,2017-08-18,3,CC:78:AB:15:37:6D
11692,2017-10-10,1,CC:78:AB:15:37:6D
11832,2016-11-07,1,CC:78:AB:15:3F:D4
11832,2017-05-16,0,CC:78:AB:15:3F:D4
11832,2017-05-23,1,CC:78:AB:15:3F:D4
11832,2017-08-10,0,CC:78:AB:15:3F:D4
11832,2017-10-16,1,CC:78:AB:15:3F:D4
11832,2017-11-13,2,CC:78:AB:15:3F:D4
11900,2016-11-07,1,CC:78:AB:03:C4:BD
11900,2017-08-10,1,CC:78:AB:03:C4:BD
11900,2017-08-14,0,CC:78:AB:03:C4:BD
11900,2017-12-04,3,CC:78:AB:03:C4:BD
11900,2018-03-20,1,CC:78:AB:03:C4:BD
11901,2016-11-07,1,CC:78:AB:03:C2:7F
11901,2017-08-10,0,CC:78:AB:03:C2:7F
11901,2017-08-20,3,CC:78:AB:03:C2:7F
11901,2017-11-30,3,CC:78:AB:03:C2:7F
12166,2016-11-08,1,CC:78:AB:15:42:0B
12166,2017-06-09,0,CC:78:AB:15:42:0B
12166,2017-06-29,3,CC:78:AB:15:42:0B
12166,2017-11-02,1,CC:78:AB:15:42:0B
12170,2016-11-08,1,CC:78:AB:15:42:BB
12170,2017-08-10,0,CC:78:AB:15:42:BB
12170,2017-08-30,2,CC:78:AB:15:42:BB
12775,2016-11-09,0,CC:78:AB:16:99:14
13030,2016-11-09,1,CC:78:AB:16:96:3B
13030,2017-07-24,2,CC:78:AB:16:96:3B
13030,2017-07-27,3,CC:78:AB:16:96:3B
13182,2016-11-09,1,CC:78:AB:03:BB:78
13182,2017-06-09,0,CC:78:AB:03:BB:78
13182,2017-10-04,2,CC:78:AB:03:BB:78
13182,2018-01-04,0,CC:78:AB:03:BB:78
13225,2016-11-09,1,CC:78:AB:15:43:01
13225,2017-06-09,0,CC:78:AB:15:43:01
13225,2017-10-05,3,CC:78:AB:15:43:01
13225,2018-03-29,1,CC:78:AB:15:43:01
26279,2016-11-18,0,24:71:89:D6:12:0B
28551,2016-11-22,1,24:71:89:D5:16:39
28551,2018-01-04,2,24:71:89:D5:16:39
28551,2018-03-20,3,24:71:89:D5:16:39
28734,2016-11-22,0,24:71:89:D5:16:80
29041,2016-11-22,0,24:71:89:D6:10:63
29325,2016-11-22,0,24:71:89:D1:07:59
29483,2016-11-22,0,24:71:89:D6:12:9C
29486,2016-11-22,0,24:71:89:D6:12:50
29493,2016-11-22,0,24:71:89:D6:12:74
29970,2016-11-23,0,24:71:89:D5:0C:D2
30371,2016-11-23,0,24:71:89:D6:0A:4D
30481,2016-11-23,0,24:71:89:D4:FB:D4
30598,2016-11-23,0,24:71:89:D5:0C:A5
30632,2016-11-23,0,24:71:89:D1:0B:BE
30637,2016-11-23,0,24:71:89:D1:0B:C4
30759,2016-11-23,0,24:71:89:D6:10:37
30767,2016-11-23,1,24:71:89:D6:10:77
30767,2017-12-15,2,24:71:89:D6:10:77
30772,2016-11-23,0,24:71:89:D6:12:13
30773,2016-11-23,0,24:71:89:D6:11:51
30779,2016-11-23,0,24:71:89:D6:11:13
30824,2016-11-23,0,24:71:89:D6:12:66
30880,2016-11-23,0,24:71:89:D6:0F:24
30892,2016-11-23,0,24:71:89:D6:0D:7C
30986,2016-11-23,0,24:71:89:D1:0B:DF
31196,2016-11-23,0,24:71:89:EB:FC:8C
31220,2016-11-23,0,24:71:89:EB:FF:73
31333,2016-11-23,1,24:71:89:EB:F5:C1
31333,2017-08-07,0,24:71:89:EB:F5:C1
31333,2017-12-15,2,24:71:89:EB:F5:C1
31365,2016-11-23,1,24:71:89:EC:02:8C
31365,2017-08-30,3,24:71:89:EC:02:8C
31365,2017-10-05,1,24:71:89:EC:02:8C
31375,2016-11-23,0,24:71:89:EB:E5:FF
31391,2016-11-23,0,24:71:89:EB:FF:7C
31403,2016-11-23,1,24:71:89:EB:F8:2F
31403,2017-05-12,0,24:71:89:EB:F8:2F
31403,2017-05-24,2,24:71:89:EB:F8:2F
31403,2017-06-02,3,24:71:89:EB:F8:2F
31403,2017-10-05,1,24:71:89:EB:F8:2F
31414,2016-11-23,0,24:71:89:D5:13:BD
31419,2016-11-23,0,24:71:89:D5:15:1A
31424,2016-11-23,0,24:71:89:D5:15:7F
31427,2016-11-23,0,24:71:89:D5:15:71
31428,2016-11-23,0,24:71:89:D5:15:5A
31579,2016-11-23,0,24:71:89:D5:13:F5
31584,2016-11-23,0,24:71:89:D5:15:AD
31591,2016-11-23,0,24:71:89:D6:13:F8
31593,2016-11-23,0,24:71:89:D6:15:C8
31594,2016-11-23,0,24:71:89:D6:13:B2
31611,2016-11-23,0,24:71:89:D6:13:81
31622,2016-11-23,0,24:71:89:D6:16:A6
31651,2016-11-23,0,24:71:89:D6:11:6C
31771,2016-11-23,0,24:71:89:D5:14:93
31803,2016-11-23,0,24:71:89:D5:14:CD
31838,2016-11-23,0,24:71:89:D5:13:0D
31846,2016-11-23,1,24:71:89:D5:12:51
31846,2017-07-14,0,24:71:89:D5:12:51
31846,2017-07-19,1,24:71:89:D5:12:51
31846,2017-07-24,2,24:71:89:D5:12:51
31846,2017-07-27,3,24:71:89:D5:12:51
31887,2016-11-23,0,24:71:89:D5:15:51
31914,2016-11-23,1,24:71:89:D5:14:E7
31914,2017-07-24,2,24:71:89:D5:14:E7
31914,2017-07-27,3,24:71:89:D5:14:E7
32046,2016-11-23,0,24:71:89:EB:D5:04
32074,2016-11-23,0,24:71:89:EB:D7:1E
32239,2016-11-23,0,24:71:89:EB:FF:38
32246,2016-11-23,0,24:71:89:EB:FC:D3
32251,2016-11-23,0,24:71:89:EB:FF:08
32255,2016-11-23,0,24:71:89:EB:FB:D8
32256,2016-11-23,0,24:71:89:EB:FB:DC
32273,2016-11-23,0,24:71:89:EB:D3:35
32282,2016-11-23,0,24:71:89:EC:00:70
32284,2016-11-23,0,24:71:89:EC:00:1C
32287,2016-11-23,0,24:71:89:EC:00:4C
32291,2016-11-23,0,24:71:89:EC:02:80
32298,2016-11-23,0,24:71:89:EB:FF:74
32299,2016-11-23,0,24:71:89:EB:FF:52
32300,2016-11-23,0,24:71:89:EB:FF:00
32304,2016-11-23,0,24:71:89:EC:00:30
32306,2016-11-23,0,24:71:89:EC:00:3B
32307,2016-11-23,0,24:71:89:EB:FC:BC
32309,2016-11-23,0,24:71:89:EB:FF:3C
32312,2016-11-23,0,24:71:89:EB:FF:2C
32313,2016-11-23,0,24:71:89:EB:FF:70
32314,2016-11-23,0,24:71:89:EB:FF:4C
32315,2016-11-23,0,24:71:89:EC:00:5A
32317,2016-11-23,0,24:71:89:EB:FC:AC
32318,2016-11-23,0,24:71:89:EB:FC:EC
32319,2016-11-23,0,24:71:89:EB:FF:14
32323,2016-11-23,0,24:71:89:EC:00:6B
32324,2016-11-23,0,24:71:89:EC:00:3F
32326,2016-11-23,0,24:71:89:EC:00:1B
32328,2016-11-23,0,24:71:89:EC:00:32
32330,2016-11-23,0,24:71:89:EC:00:53
32331,2016-11-23,0,24:71:89:EC:00:40
32339,2016-11-23,0,24:71:89:EB:FF:3B
32340,2016-11-23,0,24:71:89:EB:FF:66
32342,2016-11-23,0,24:71:89:EB:FF:50
32346,2016-11-23,0,24:71:89:EB:FC:DF
32347,2016-11-23,0,24:71:89:EB:FF:12
32349,2016-11-23,0,24:71:89:EB:FB:DB
32350,2016-11-23,0,24:71:89:EB:FC:D1
32356,2016-11-23,0,24:71:89:EB:FF:22
32358,2016-11-23,0,24:71:89:EB:FC:E9
32361,2016-11-23,0,24:71:89:EB:FC:EA
32363,2016-11-23,0,24:71:89:EB:FB:F3
32364,2016-11-23,0,24:71:89:EB:FC:BF
32365,2016-11-23,0,24:71:89:EB:FC:9B
32366,2016-11-23,0,24:71:89:EB:FB:D2
32367,2016-11-23,0,24:71:89:EB:FC:AF
32388,2016-11-23,0,24:71:89:EB:FC:B2
32394,2016-11-23,0,24:71:89:EB:FB:FB
32402,2016-11-23,0,24:71:89:EB:FC:A6
32403,2016-11-23,0,24:71:89:EB:FF:68
32408,2016-11-23,0,24:71:89:EB:FC:C6
32409,2016-11-23,0,24:71:89:EB:FB:E3
32410,2016-11-23,0,24:71:89:EB:FC:B6
32413,2016-11-23,0,24:71:89:EB:FF:49
32424,2016-11-23,1,24:71:89:EC:00:39
32424,2017-07-25,2,24:71:89:EC:00:39
32427,2016-11-23,0,24:71:89:EB:FF:02
32429,2016-11-23,0,24:71:89:EB:FF:3E
32613,2016-11-24,0,24:71:89:D6:14:BA
32614,2016-11-24,0,24:71:89:D6:13:E9
32634,2016-11-24,0,24:71:89:D6:13:93
32638,2016-11-24,0,24:71:89:D6:16:D6
32721,2016-11-24,0,24:71:89:D6:14:D2
32746,2016-11-24,0,24:71:89:D6:15:89
32812,2016-11-24,0,B0:B4:48:EC:77:E8
32820,2016-11-24,0,B0:B4:48:EC:7A:69
32822,2016-11-24,0,B0:B4:48:EC:70:BA
32844,2016-11-24,0,B0:B4:48:EC:6E:F1
32848,2016-11-24,0,B0:B4:48:EC:76:0D
32851,2016-11-24,0,B0:B4:48:EC:77:38
32855,2016-11-24,0,B0:B4:48:EC:79:0D
32861,2016-11-24,0,B0:B4:48:EC:6E:97
32865,2016-11-24,0,B0:B4:48:EC:76:FD
32882,2016-11-24,0,24:71:89:D6:14:D7
32895,2016-11-24,0,24:71:89:D6:14:95
32899,2016-11-24,0,24:71:89:D6:15:C1
32901,2016-11-24,0,24:71:89:D6:13:C7
32903,2016-11-24,0,24:71:89:D6:15:9F
32912,2016-11-24,0,24:71:89:D6:16:81
32915,2016-11-24,0,24:71:89:D6:14:8B
32916,2016-11-24,0,24:71:89:D6:13:EB
32933,2016-11-24,0,24:71:89:D6:14:AB
33025,2016-11-24,0,24:71:89:D6:0E:3F
33027,2016-11-24,0,24:71:89:D6:0F:3F
33033,2016-11-24,0,24:71:89:D6:0F:00
33038,2016-11-24,0,24:71:89:D6:0C:20
33042,2016-11-24,0,24:71:89:D6:0C:46
33044,2016-11-24,0,24:71:89:D6:0E:10
33053,2016-11-24,0,24:71:89:D6:12:A1
33073,2016-11-24,0,24:71:89:D6:12:BF
33083,2016-11-24,1,24:71:89:D6:10:15
33083,2017-12-15,2,24:71:89:D6:10:15
33101,2016-11-24,0,24:71:89:D6:15:FC
33141,2016-11-24,1,24:71:89:D6:13:FA
33141,2017-05-15,0,24:71:89:D6:13:FA
33141,2017-06-13,1,24:71:89:D6:13:FA
33141,2017-07-05,0,24:71:89:D6:13:FA
33141,2017-09-12,3,24:71:89:D6:13:FA
33141,2017-10-05,1,24:71:89:D6:13:FA
33156,2016-11-24,0,24:71:89:D6:0F:1B
33164,2016-11-24,0,24:71:89:D6:0C:56
33188,2016-11-24,0,24:71:89:D6:0D:23
33203,2016-11-24,0,24:71:89:D5:0F:4E
33215,2016-11-24,0,24:71:89:D5:0E:DA
33391,2016-11-24,0,24:71:89:D5:15:F1
33485,2016-11-24,0,24:71:89:D5:16:B3
33492,2016-11-24,1,24:71:89:D5:15:D4
33492,2017-12-15,2,24:71:89:D5:15:D4
33511,2016-11-24,0,24:71:89:D5:15:E5
33512,2016-11-24,0,24:71:89:D5:16:2D
33524,2016-11-24,0,24:71:89:D5:15:EC
33595,2016-11-24,0,24:71:89:EB:D0:85
33598,2016-11-24,0,24:71:89:EB:D0:A5
33601,2016-11-24,0,24:71:89:EB:D0:A7
33602,2016-11-24,0,24:71:89:EB:D0:E4
33654,2016-11-24,0,24:71:89:EB:D3:18
33665,2016-11-24,0,24:71:89:EB:D1:8A
33672,2016-11-24,0,24:71:89:EB:CE:9A
33680,2016-11-24,0,24:71:89:EB:D3:1E
33702,2016-11-24,0,24:71:89:EB:D0:AF
33716,2016-11-24,0,24:71:89:EB:D0:D5
33725,2016-11-24,0,24:71:89:EB:D1:BC
33730,2016-11-24,0,24:71:89:EB:D1:E2
33732,2016-11-24,0,24:71:89:EB:D1:B3
33733,2016-11-24,0,24:71:89:EB:D0:DD
33744,2016-11-24,0,24:71:89:EB:CE:B1
33748,2016-11-24,0,24:71:89:EB:D3:1D
33753,2016-11-24,0,24:71:89:EB:D0:D3
33763,2016-11-24,0,24:71:89:EB:D3:3E
33778,2016-11-24,0,24:71:89:EB:D9:41
33787,2016-11-24,0,24:71:89:EB:D9:11
33802,2016-11-24,0,24:71:89:EB:D7:69
33848,2016-11-24,0,24:71:89:EB:9A:55
33856,2016-11-24,0,24:71:89:EB:D1:D9
33896,2016-11-24,0,24:71:89:EB:D0:D7
33925,2016-11-24,0,24:71:89:EB:D3:53
33928,2016-11-24,0,24:71:89:EB:D5:15
33929,2016-11-24,0,24:71:89:EB:D5:2A
33932,2016-11-24,0,24:71:89:EB:D5:05
33958,2016-11-24,0,24:71:89:EB:CE:AB
33996,2016-11-24,0,24:71:89:EB:D1:B5
34057,2016-11-24,0,24:71:89:EB:D0:F4
34060,2016-11-24,0,24:71:89:EB:D0:C2
34069,2016-11-24,0,24:71:89:EB:D0:C8
34078,2016-11-24,0,24:71:89:EB:9A:68
34081,2016-11-24,0,24:71:89:EB:D3:30
34103,2016-11-24,0,24:71:89:EB:D1:D5
34105,2016-11-24,0,24:71:89:EB:D1:86
34112,2016-11-24,0,24:71:89:EB:D1:FD
34116,2016-11-24,0,24:71:89:EB:CE:80
34121,2016-11-24,0,24:71:89:EB:CE:E1
34305,2016-11-28,0,CC:78:AB:C5:76:DC
34327,2016-11-28,1,CC:78:AB:C5:76:8A
34327,2017-08-07,0,CC:78:AB:C5:76:8A
34327,2017-12-15,2,CC:78:AB:C5:76:8A
34438,2016-11-28,0,CC:78:AB:14:5A:FC
34445,2016-11-28,0,CC:78:AB:14:5D:3F
34526,2016-11-28,0,24:71:89:ED:A8:E9
34543,2016-11-28,0,24:71:89:ED:A8:8F
34550,2016-11-28,0,24:71:89:ED:A6:C7
34557,2016-11-28,1,24:71:89:ED:A9:EF
34557,2017-07-25,2,24:71:89:ED:A9:EF
34570,2016-11-28,0,24:71:89:ED:AC:42
34576,2016-11-28,0,24:71:89:ED:AC:36
34585,2016-11-28,0,24:71:89:ED:A3:9E
34590,2016-11-28,0,24:71:89:ED:A6:D4
34607,2016-11-28,0,24:71:89:ED:A6:8E
34615,2016-11-28,0,24:71:89:ED:A5:5F
34655,2016-11-28,0,24:71:89:ED:A6:92
34708,2016-11-28,0,24:71:89:ED:A6:A8
34764,2016-11-28,0,24:71:89:ED:A1:9F
34765,2016-11-28,0,24:71:89:ED:A3:AB
34768,2016-11-28,0,24:71:89:ED:A1:E2
34769,2016-11-28,0,24:71:89:ED:A3:A8
34773,2016-11-28,0,24:71:89:ED:A3:B8
34777,2016-11-28,0,24:71:89:ED:A3:9F
34783,2016-11-28,0,24:71:89:ED:A6:BF
34792,2016-11-28,0,24:71:89:ED:A1:C3
34796,2016-11-28,0,24:71:89:ED:A1:8F
34798,2016-11-28,0,24:71:89:ED:A5:4B
34799,2016-11-28,0,24:71:89:ED:A5:63
34800,2016-11-28,1,24:71:89:ED:A5:77
34800,2017-07-24,2,24:71:89:ED:A5:77
34801,2016-11-28,1,24:71:89:ED:A5:43
34801,2017-07-24,2,24:71:89:ED:A5:43
34802,2016-11-28,0,24:71:89:ED:A6:9B
34877,2016-11-28,0,24:71:89:ED:A6:A5
34883,2016-11-28,0,24:71:89:ED:A5:19
34885,2016-11-28,0,24:71:89:ED:A5:54
34970,2016-11-28,0,CC:78:AB:C5:76:AB
35002,2016-11-28,0,CC:78:AB:C5:75:D1
35004,2016-11-28,0,CC:78:AB:C5:77:B4
35010,2016-11-28,1,24:71:89:ED:74:82
35010,2017-07-14,0,24:71:89:ED:74:82
35010,2017-07-19,1,24:71:89:ED:74:82
35010,2017-07-24,2,24:71:89:ED:74:82
35047,2016-11-28,0,24:71:89:ED:71:1C
35078,2016-11-28,0,24:71:89:ED:71:65
35080,2016-11-28,0,24:71:89:ED:77:25
35119,2016-11-28,0,24:71:89:ED:77:21
35198,2016-11-28,0,24:71:89:ED:77:17
35208,2016-11-28,0,24:71:89:ED:A3:F4
35265,2016-11-28,0,24:71:89:ED:A1:8B
35386,2016-11-28,0,24:71:89:ED:74:9A
35387,2016-11-28,0,24:71:89:ED:71:2C
35389,2016-11-28,0,24:71:89:ED:74:9C
35392,2016-11-28,0,24:71:89:ED:77:0C
35393,2016-11-28,0,24:71:89:ED:74:FA
35395,2016-11-28,0,24:71:89:ED:74:B6
35400,2016-11-28,0,24:71:89:ED:6F:48
35402,2016-11-28,0,24:71:89:ED:6F:54
35403,2016-11-28,0,24:71:89:ED:6F:64
35404,2016-11-28,0,24:71:89:ED:6F:46
35497,2016-11-28,0,24:71:89:ED:74:A9
35499,2016-11-28,0,24:71:89:ED:71:0B
35500,2016-11-28,0,24:71:89:ED:74:95
35501,2016-11-28,0,24:71:89:ED:6F:75
35507,2016-11-28,0,24:71:89:ED:72:73
35508,2016-11-28,0,24:71:89:ED:71:25
35510,2016-11-28,0,24:71:89:ED:74:E9
35513,2016-11-28,0,24:71:89:ED:74:D9
35514,2016-11-28,0,24:71:89:ED:74:E3
35515,2016-11-28,0,24:71:89:ED:74:EB
35516,2016-11-28,0,24:71:89:ED:74:C9
35518,2016-11-28,0,24:71:89:ED:71:31
35569,2016-11-28,0,24:71:89:ED:71:6B
35580,2016-11-28,0,24:71:89:ED:74:B1
35797,2016-11-28,0,CC:78:AB:AC:53:61
35804,2016-11-28,1,CC:78:AB:AC:53:48
35804,2017-07-14,0,CC:78:AB:AC:53:48
35804,2017-07-19,1,CC:78:AB:AC:53:48
35804,2017-07-24,2,CC:78:AB:AC:53:48
35804,2017-07-27,3,CC:78:AB:AC:53:48
36028,2016-11-28,1,CC:78:AB:14:5C:14
36028,2017-07-14,0,CC:78:AB:14:5C:14
36028,2017-07-19,1,CC:78:AB:14:5C:14
36028,2017-07-24,2,CC:78:AB:14:5C:14
36028,2017-07-27,3,CC:78:AB:14:5C:14
36085,2016-11-28,1,CC:78:AB:14:5D:6C
36085,2017-07-14,0,CC:78:AB:14:5D:6C
36085,2017-07-19,1,CC:78:AB:14:5D:6C
36085,2017-07-20,2,CC:78:AB:14:5D:6C
36085,2017-07-27,3,CC:78:AB:14:5D:6C
36124,2016-11-28,1,CC:78:AB:AC:55:92
36124,2017-07-14,0,CC:78:AB:AC:55:92
36124,2017-12-15,2,CC:78:AB:AC:55:92
36164,2016-11-28,0,24:71:89:ED:9B:4A
36312,2016-11-28,0,CC:78:AB:14:5A:E7
36385,2016-11-28,0,CC:78:AB:AC:54:D5
36443,2016-11-28,0,CC:78:AB:AC:53:1C
36450,2016-11-28,0,CC:78:AB:AC:53:7E
36485,2016-11-28,0,CC:78:AB:AC:54:21
36552,2016-11-28,0,CC:78:AB:AC:56:0A
36568,2016-11-28,0,CC:78:AB:AC:56:59
36579,2016-11-28,0,CC:78:AB:AC:55:63
40912,2016-12-01,0,CC:78:AB:C5:70:C6
41482,2016-12-07,0,A0:E6:F8:5A:5F:38
41485,2016-12-07,0,A0:E6:F8:48:23:6A
41485,2016-12-13,3,A0:E6:F8:48:23:6A
41544,2016-12-08,0,A0:E6:F8:48:4C:5A
41544,2017-02-21,2,A0:E6:F8:48:4C:5A
44209,2016-12-13,0,CC:78:AB:AC:5C:C1
44209,2018-01-24,2,CC:78:AB:AC:5C:C1
44209,2018-03-20,3,CC:78:AB:AC:5C:C1
50546,2016-12-15,0,98:07:2D:06:FE:69
50546,2018-01-11,2,98:07:2D:06:FE:69
53457,2016-12-19,0,98:07:2D:07:02:1C
53848,2016-12-19,0,CC:78:AB:16:41:A2
54347,2016-12-19,0,CC:78:AB:14:77:D3
54381,2016-12-19,0,CC:78:AB:14:75:12
54388,2016-12-19,0,CC:78:AB:14:77:AF
54441,2016-12-19,0,CC:78:AB:14:76:34
54543,2016-12-19,0,98:07:2D:07:00:F5
56802,2017-01-04,0,98:07:2D:13:02:27
56805,2017-01-04,0,98:07:2D:13:00:B8
56809,2017-01-04,0,98:07:2D:13:00:D2
56815,2017-01-04,0,98:07:2D:12:FF:A3
56833,2017-01-04,0,98:07:2D:12:FF:A7
56841,2017-01-04,0,98:07:2D:12:FF:E3
56851,2017-01-04,0,98:07:2D:13:02:23
56855,2017-01-04,0,98:07:2D:13:02:14
56862,2017-01-04,0,98:07:2D:12:FB:D5
56864,2017-01-04,0,98:07:2D:12:FD:93
59002,2017-01-04,0,98:07:2D:09:93:42
60596,2017-01-05,0,98:07:2D:09:8E:A6
60826,2017-01-05,0,98:07:2D:09:8E:A4
60894,2017-01-05,0,98:07:2D:09:8F:CE
60985,2017-01-05,0,98:07:2D:09:8E:9C
61054,2017-01-05,0,98:07:2D:09:87:0F
61077,2017-01-05,0,98:07:2D:09:8E:85
61086,2017-01-05,0,98:07:2D:09:8E:61
61119,2017-01-05,0,98:07:2D:09:93:13
61119,2018-01-11,2,98:07:2D:09:93:13
61119,2018-03-20,3,98:07:2D:09:93:13
61141,2017-01-05,0,98:07:2D:09:90:24
61144,2017-01-05,0,98:07:2D:09:90:F2
61148,2017-01-05,0,98:07:2D:09:90:08
61153,2017-01-05,0,98:07:2D:09:91:B0
61162,2017-01-05,0,98:07:2D:09:91:49
61163,2017-01-05,0,98:07:2D:09:90:82
61198,2017-01-05,0,98:07:2D:09:90:EA
61200,2017-01-05,0,98:07:2D:09:90:02
61200,2018-01-11,2,98:07:2D:09:90:02
61200,2018-03-20,3,98:07:2D:09:90:02
61202,2017-01-05,0,98:07:2D:09:91:BB
61207,2017-01-05,0,98:07:2D:09:90:44
61207,2018-01-04,2,98:07:2D:09:90:44
61207,2018-03-20,3,98:07:2D:09:90:44
61209,2017-01-05,0,98:07:2D:09:90:1D
61224,2017-01-05,0,98:07:2D:09:91:1A
61225,2017-01-05,0,98:07:2D:09:90:0E
61228,2017-01-05,0,98:07:2D:09:92:01
61231,2017-01-05,0,98:07:2D:09:93:A5
61248,2017-01-05,0,98:07:2D:09:92:44
61250,2017-01-05,0,98:07:2D:09:91:99
61251,2017-01-05,0,98:07:2D:09:90:97
61252,2017-01-05,0,98:07:2D:09:91:7C
61254,2017-01-05,0,98:07:2D:09:91:8D
61263,2017-01-05,0,98:07:2D:09:91:C3
61269,2017-01-05,0,98:07:2D:09:91:17
61273,2017-01-05,0,98:07:2D:09:91:A0
61274,2017-01-05,0,98:07:2D:09:91:21
61277,2017-01-05,0,98:07:2D:09:90:F1
61280,2017-01-05,0,98:07:2D:09:90:B5
61284,2017-01-05,0,98:07:2D:09:8F:DC
61296,2017-01-05,0,98:07:2D:09:91:2C
61303,2017-01-05,0,98:07:2D:09:90:AD
61304,2017-01-05,0,98:07:2D:09:90:6A
61306,2017-01-05,0,98:07:2D:09:90:7A
61311,2017-01-05,0,98:07:2D:09:90:9E
61313,2017-01-05,0,98:07:2D:09:91:7B
61317,2017-01-05,0,98:07:2D:09:90:33
61325,2017-01-05,0,98:07:2D:09:90:C5
61326,2017-01-05,0,98:07:2D:09:90:23
61328,2017-01-05,0,98:07:2D:09:91:98
61334,2017-01-05,0,98:07:2D:09:8F:F3
61339,2017-01-05,0,98:07:2D:03:73:8A
61340,2017-01-05,0,98:07:2D:03:74:32
61345,2017-01-05,0,98:07:2D:03:75:14
61348,2017-01-05,0,98:07:2D:03:74:4E
61352,2017-01-05,0,98:07:2D:03:73:AA
61354,2017-01-05,0,98:07:2D:03:74:5E
61362,2017-01-05,0,98:07:2D:09:91:63
61368,2017-01-05,0,98:07:2D:09:91:67
61369,2017-01-05,0,98:07:2D:09:90:66
61374,2017-01-05,0,98:07:2D:09:91:3C
61375,2017-01-05,0,98:07:2D:09:91:28
61377,2017-01-05,0,98:07:2D:09:91:11
61383,2017-01-05,0,98:07:2D:03:75:7F
61385,2017-01-05,0,98:07:2D:09:91:0A
61386,2017-01-05,0,98:07:2D:03:75:65
61387,2017-01-05,0,98:07:2D:03:74:1A
61393,2017-01-05,0,98:07:2D:03:75:50
61394,2017-01-05,0,98:07:2D:09:90:CD
61397,2017-01-05,0,98:07:2D:03:75:0C
61398,2017-01-05,0,98:07:2D:03:75:18
61399,2017-01-05,0,98:07:2D:09:90:F3
61401,2017-01-05,0,98:07:2D:09:90:D7
61404,2017-01-05,0,98:07:2D:03:73:FA
61406,2017-01-05,0,98:07:2D:09:91:4C
61414,2017-01-05,0,98:07:2D:09:90:39
61417,2017-01-05,0,98:07:2D:09:91:5C
61418,2017-01-05,0,98:07:2D:09:91:81
61428,2017-01-05,0,98:07:2D:03:76:F0
61432,2017-01-05,0,98:07:2D:03:78:53
61433,2017-01-05,0,98:07:2D:03:78:63
61434,2017-01-05,0,98:07:2D:03:77:CE
61436,2017-01-05,0,98:07:2D:03:76:E0
61437,2017-01-05,0,98:07:2D:03:77:80
61438,2017-01-05,0,98:07:2D:03:76:DC
61440,2017-01-05,0,98:07:2D:03:77:9C
61441,2017-01-05,0,98:07:2D:03:78:51
61444,2017-01-05,0,98:07:2D:03:77:C0
61446,2017-01-05,0,98:07:2D:03:75:B0
61448,2017-01-05,0,98:07:2D:03:77:B0
61450,2017-01-05,0,98:07:2D:03:75:FC
61451,2017-01-05,0,98:07:2D:03:76:B1
61452,2017-01-05,0,98:07:2D:03:77:EB
61453,2017-01-05,0,98:07:2D:03:77:D1
61454,2017-01-05,0,98:07:2D:03:77:D7
61456,2017-01-05,0,98:07:2D:03:78:2F
61457,2017-01-05,0,98:07:2D:03:78:4B
61458,2017-01-05,0,98:07:2D:03:76:9C
61461,2017-01-05,0,98:07:2D:03:78:5F
61464,2017-01-05,0,98:07:2D:03:78:4F
61465,2017-01-05,0,98:07:2D:03:78:20
61468,2017-01-05,0,98:07:2D:03:78:6F
61472,2017-01-05,0,98:07:2D:03:77:E7
61473,2017-01-05,0,98:07:2D:03:76:CC
61474,2017-01-05,0,98:07:2D:03:76:A8
61479,2017-01-05,0,98:07:2D:03:76:98
61482,2017-01-05,0,98:07:2D:03:78:07
61483,2017-01-05,0,98:07:2D:03:76:D4
61490,2017-01-05,0,98:07:2D:03:78:27
61491,2017-01-05,0,98:07:2D:03:76:94
61492,2017-01-05,0,98:07:2D:03:75:F2
61525,2017-01-05,0,98:07:2D:03:78:1F
61563,2017-01-05,0,98:07:2D:03:75:9E
61566,2017-01-05,0,98:07:2D:03:76:B9
61575,2017-01-05,0,98:07:2D:03:76:EE
61580,2017-01-05,0,98:07:2D:03:78:28
61580,2018-01-04,2,98:07:2D:03:78:28
61580,2018-03-20,3,98:07:2D:03:78:28
61586,2017-01-05,0,98:07:2D:03:78:0D
61588,2017-01-05,0,98:07:2D:03:75:E4
61590,2017-01-05,0,98:07:2D:03:75:DC
61593,2017-01-05,0,98:07:2D:03:77:ED
61594,2017-01-05,0,98:07:2D:03:75:F8
61599,2017-01-05,0,98:07:2D:03:75:FE
61604,2017-01-05,0,98:07:2D:03:77:B8
61609,2017-01-05,0,98:07:2D:03:76:E2
61636,2017-01-05,0,98:07:2D:03:78:45
61637,2017-01-05,0,98:07:2D:03:77:B3
61643,2017-01-05,0,98:07:2D:03:77:96
61649,2017-01-05,0,98:07:2D:03:78:59
61652,2017-01-05,0,98:07:2D:03:76:D1
61659,2017-01-05,0,98:07:2D:03:78:09
61661,2017-01-05,0,98:07:2D:03:77:9A
61666,2017-01-05,0,98:07:2D:03:77:E9
61679,2017-01-05,0,98:07:2D:03:77:F5
61681,2017-01-05,0,98:07:2D:03:78:2A
61682,2017-01-05,0,98:07:2D:03:77:BB
61683,2017-01-05,0,98:07:2D:03:77:C1
61687,2017-01-05,0,98:07:2D:03:77:B2
61688,2017-01-05,0,98:07:2D:03:75:D4
61690,2017-01-05,0,98:07:2D:03:75:EE
61694,2017-01-05,0,98:07:2D:03:78:1A
61696,2017-01-05,0,98:07:2D:03:77:F1
61696,2018-01-04,2,98:07:2D:03:77:F1
61696,2018-03-20,3,98:07:2D:03:77:F1
61705,2017-01-05,0,98:07:2D:03:76:DE
61723,2017-01-05,0,98:07:2D:09:87:CD
61724,2017-01-05,0,98:07:2D:09:86:59
61729,2017-01-05,0,98:07:2D:09:88:1A
61730,2017-01-05,0,98:07:2D:09:86:53
61731,2017-01-05,0,98:07:2D:09:87:B6
61734,2017-01-05,0,98:07:2D:09:88:03
61737,2017-01-05,0,98:07:2D:09:87:08
61738,2017-01-05,0,98:07:2D:09:88:26
61741,2017-01-05,0,98:07:2D:09:87:17
61744,2017-01-05,0,98:07:2D:09:87:81
61745,2017-01-05,0,98:07:2D:09:86:2A
61746,2017-01-05,0,98:07:2D:09:87:72
61748,2017-01-05,0,98:07:2D:09:86:2E
61749,2017-01-05,0,98:07:2D:09:87:70
61752,2017-01-05,0,98:07:2D:09:86:23
61755,2017-01-05,0,98:07:2D:09:86:0A
61757,2017-01-05,0,98:07:2D:09:85:EA
61761,2017-01-05,0,98:07:2D:09:85:F6
61763,2017-01-05,0,98:07:2D:09:87:48
61765,2017-01-05,0,98:07:2D:09:85:C6
61854,2017-01-05,0,98:07:2D:09:86:15
61902,2017-01-05,0,98:07:2D:09:86:00
61903,2017-01-05,0,98:07:2D:09:87:06
61917,2017-01-05,0,98:07:2D:09:86:57
61919,2017-01-05,0,98:07:2D:09:87:EB
61943,2017-01-05,0,98:07:2D:09:86:72
61964,2017-01-05,0,98:07:2D:09:87:BA
62018,2017-01-05,0,98:07:2D:09:85:E7
62036,2017-01-05,0,98:07:2D:03:79:61
62049,2017-01-05,0,98:07:2D:03:7B:48
62103,2017-01-05,0,98:07:2D:03:7B:35
62112,2017-01-05,0,98:07:2D:03:79:E6
62114,2017-01-05,0,98:07:2D:03:79:F0
62115,2017-01-05,0,98:07:2D:03:79:15
62124,2017-01-05,0,98:07:2D:13:46:57
62125,2017-01-05,0,98:07:2D:13:47:EE
62128,2017-01-05,0,98:07:2D:13:46:C2
62128,2018-01-04,2,98:07:2D:13:46:C2
62128,2018-03-20,3,98:07:2D:13:46:C2
62131,2017-01-05,0,98:07:2D:13:45:DB
62132,2017-01-05,0,98:07:2D:13:48:30
62137,2017-01-05,0,98:07:2D:13:46:AE
62140,2017-01-05,0,98:07:2D:13:46:9E
62145,2017-01-05,0,98:07:2D:13:46:38
62156,2017-01-05,0,98:07:2D:13:48:4A
62157,2017-01-05,0,98:07:2D:13:47:80
62158,2017-01-05,0,98:07:2D:13:46:0C
62162,2017-01-05,0,98:07:2D:13:46:EC
62164,2017-01-05,0,98:07:2D:13:48:3A
62178,2017-01-05,0,98:07:2D:03:4C:9D
62178,2018-01-04,2,98:07:2D:03:4C:9D
62178,2018-03-20,3,98:07:2D:03:4C:9D
62315,2017-01-05,0,98:07:2D:09:88:05
62487,2017-01-05,0,98:07:2D:03:7B:28
62536,2017-01-05,0,98:07:2D:03:7A:C8
62613,2017-01-05,0,98:07:2D:03:77:FA
62675,2017-01-05,0,98:07:2D:03:75:B1
62676,2017-01-05,0,98:07:2D:03:75:CF
62679,2017-01-05,0,98:07:2D:03:77:93
62697,2017-01-05,0,98:07:2D:03:77:E4
62770,2017-01-05,0,98:07:2D:03:7B:31
62774,2017-01-05,0,98:07:2D:03:7A:9E
62776,2017-01-05,0,98:07:2D:03:79:12
62788,2017-01-05,0,98:07:2D:03:79:F7
62790,2017-01-05,0,98:07:2D:03:7A:C1
62794,2017-01-05,0,98:07:2D:03:79:35
62798,2017-01-05,0,98:07:2D:03:7A:A1
62820,2017-01-05,0,98:07:2D:03:7B:42
62822,2017-01-05,0,98:07:2D:03:79:B6
62823,2017-01-05,0,98:07:2D:03:7B:1F
62834,2017-01-05,0,98:07:2D:03:79:A7
62841,2017-01-05,0,98:07:2D:03:79:6C
62846,2017-01-05,0,98:07:2D:03:7A:FC
62846,2018-01-04,2,98:07:2D:03:7A:FC
62846,2018-03-20,3,98:07:2D:03:7A:FC
62852,2017-01-05,0,98:07:2D:03:79:EF
62853,2017-01-05,0,98:07:2D:03:79:11
62853,2018-01-04,2,98:07:2D:03:79:11
62853,2018-03-20,3,98:07:2D:03:79:11
62860,2017-01-05,0,98:07:2D:03:7B:47
62866,2017-01-05,0,98:07:2D:03:79:9A
62873,2017-01-05,0,98:07:2D:03:7B:08
63056,2017-01-06,0,98:07:2D:03:49:57
63061,2017-01-06,0,98:07:2D:03:49:6A
63086,2017-01-06,0,98:07:2D:03:4B:65
63091,2017-01-06,0,98:07:2D:03:4C:40
63098,2017-01-06,0,98:07:2D:03:4C:1D
63108,2017-01-06,0,98:07:2D:03:4C:AD
63109,2017-01-06,0,98:07:2D:03:4C:85
63113,2017-01-06,0,98:07:2D:03:4C:86
63114,2017-01-06,0,98:07:2D:03:4D:A6
63117,2017-01-06,0,98:07:2D:03:4D:BD
63118,2017-01-06,0,98:07:2D:03:4B:54
63127,2017-01-06,0,98:07:2D:03:49:06
63130,2017-01-06,0,98:07:2D:03:49:D1
63136,2017-01-06,0,98:07:2D:03:49:F0
63139,2017-01-06,0,98:07:2D:03:4A:B4
63174,2017-01-06,0,98:07:2D:13:46:3C
63179,2017-01-06,0,98:07:2D:13:46:FA
63183,2017-01-06,0,98:07:2D:13:47:D7
63188,2017-01-06,0,98:07:2D:13:46:EE
63189,2017-01-06,0,98:07:2D:13:46:BC
63265,2017-01-06,0,98:07:2D:03:49:84
63269,2017-01-06,0,98:07:2D:03:48:2F
63762,2017-01-06,0,98:07:2D:13:4B:7E
64293,2017-01-06,0,98:07:2D:13:4C:BC
64294,2017-01-06,0,98:07:2D:13:4D:FA
64312,2017-01-06,0,98:07:2D:13:4B:E9
64325,2017-01-06,0,98:07:2D:13:4B:8F
64331,2017-01-06,0,98:07:2D:13:4B:F4
64336,2017-01-06,0,98:07:2D:13:4E:20
64337,2017-01-06,0,98:07:2D:13:4E:10
64345,2017-01-06,0,98:07:2D:13:4B:F8
64370,2017-01-06,0,98:07:2D:13:4D:C8
64376,2017-01-06,0,98:07:2D:13:4E:60
64377,2017-01-06,0,98:07:2D:13:4E:1D
64378,2017-01-06,0,98:07:2D:13:4C:FC
64380,2017-01-06,0,98:07:2D:13:4D:9F
64381,2017-01-06,0,98:07:2D:13:4C:A7
64386,2017-01-06,0,98:07:2D:13:4D:8F
64388,2017-01-06,0,98:07:2D:13:4D:AB
64390,2017-01-06,0,98:07:2D:13:4B:8B
64391,2017-01-06,0,98:07:2D:13:4C:B6
64392,2017-01-06,0,98:07:2D:13:4B:61
64396,2017-01-06,0,98:07:2D:13:4D:BB
64397,2017-01-06,0,98:07:2D:13:4B:93
64400,2017-01-06,0,98:07:2D:13:4E:C0
64408,2017-01-06,0,98:07:2D:13:4E:6E
64409,2017-01-06,0,98:07:2D:13:4F:9E
64410,2017-01-06,0,98:07:2D:13:4F:A8
64411,2017-01-06,0,98:07:2D:13:4F:E0
64416,2017-01-06,0,98:07:2D:13:4B:64
64417,2017-01-06,0,98:07:2D:13:4E:A3
64418,2017-01-06,0,98:07:2D:13:4B:59
64421,2017-01-06,0,98:07:2D:13:4B:7B
64423,2017-01-06,0,98:07:2D:13:4B:CA
64425,2017-01-06,0,98:07:2D:13:4D:C1
64426,2017-01-06,0,98:07:2D:13:4D:F1
64427,2017-01-06,0,98:07:2D:13:4B:F2
64431,2017-01-06,0,98:07:2D:13:4C:8F
64432,2017-01-06,0,98:07:2D:13:4C:87
64434,2017-01-06,0,98:07:2D:13:4B:C2
64436,2017-01-06,0,98:07:2D:13:4B:99
64439,2017-01-06,0,98:07:2D:13:4D:C9
64440,2017-01-06,0,98:07:2D:13:4C:C5
64443,2017-01-06,0,98:07:2D:13:4C:AF
64444,2017-01-06,0,98:07:2D:13:4B:FC
64445,2017-01-06,0,98:07:2D:13:4D:FB
64451,2017-01-06,0,98:07:2D:13:4E:0B
64458,2017-01-06,0,98:07:2D:13:4B:C0
64463,2017-01-06,0,98:07:2D:13:4C:89
64466,2017-01-06,0,98:07:2D:03:44:F6
64468,2017-01-06,0,98:07:2D:03:47:90
64469,2017-01-06,0,98:07:2D:03:46:06
64472,2017-01-06,0,98:07:2D:03:46:9F
64475,2017-01-06,0,98:07:2D:03:44:C0
64476,2017-01-06,0,98:07:2D:03:44:D8
64480,2017-01-06,0,98:07:2D:03:46:F1
64481,2017-01-06,0,98:07:2D:03:46:36
64485,2017-01-06,0,98:07:2D:03:46:DD
64501,2017-01-06,0,98:07:2D:03:47:EC
64514,2017-01-06,0,98:07:2D:03:44:BF
64520,2017-01-06,0,98:07:2D:03:46:E9
64523,2017-01-06,0,98:07:2D:03:46:D4
64603,2017-01-06,0,98:07:2D:13:4B:5F
64637,2017-01-06,0,98:07:2D:13:4F:9A
64676,2017-01-06,0,98:07:2D:03:44:B6
64681,2017-01-06,0,98:07:2D:03:46:52
64711,2017-01-06,0,98:07:2D:03:46:53
64715,2017-01-06,0,98:07:2D:03:46:49
64763,2017-01-06,0,98:07:2D:03:46:0B
64815,2017-01-06,0,98:07:2D:03:46:F8
64819,2017-01-06,0,98:07:2D:03:46:15
64836,2017-01-06,0,98:07:2D:03:44:A5
64847,2017-01-06,0,98:07:2D:03:46:51
64857,2017-01-06,0,98:07:2D:03:46:E8
64864,2017-01-06,0,98:07:2D:03:46:8C
64866,2017-01-06,0,98:07:2D:03:46:C8
64871,2017-01-06,0,98:07:2D:03:44:93
64884,2017-01-06,0,98:07:2D:03:46:84
64885,2017-01-06,0,98:07:2D:03:46:94
64889,2017-01-06,0,98:07:2D:03:47:CF
64891,2017-01-06,0,98:07:2D:03:44:A9
64924,2017-01-06,0,98:07:2D:03:47:D1
64950,2017-01-06,0,98:07:2D:03:48:28
64956,2017-01-06,0,98:07:2D:03:49:C6
64960,2017-01-06,0,98:07:2D:03:48:18
64995,2017-01-06,0,98:07:2D:03:4A:91
64998,2017-01-06,0,98:07:2D:03:49:48
65001,2017-01-06,0,98:07:2D:03:49:38
65123,2017-01-09,0,98:07:2D:12:FF:46
65333,2017-01-12,0,98:07:2D:03:49:24
65380,2017-01-12,0,98:07:2D:03:42:7D
65381,2017-01-12,0,98:07:2D:03:42:1B
65393,2017-01-12,0,98:07:2D:03:42:C6
65398,2017-01-12,0,98:07:2D:03:41:64
65403,2017-01-12,0,98:07:2D:03:42:E5
65404,2017-01-12,0,98:07:2D:03:41:2D
65416,2017-01-12,0,98:07:2D:03:42:76
65420,2017-01-12,0,98:07:2D:03:42:B5
65429,2017-01-12,0,98:07:2D:03:3D:6E
65434,2017-01-12,0,98:07:2D:03:3E:15
65470,2017-01-12,0,98:07:2D:03:40:36
65471,2017-01-12,0,98:07:2D:03:42:33
65493,2017-01-12,0,98:07:2D:03:3D:35
65583,2017-01-14,0,98:07:2D:09:8F:22
65586,2017-01-14,0,98:07:2D:09:8E:A9
65589,2017-01-14,0,98:07:2D:09:8F:84
65591,2017-01-14,0,98:07:2D:09:8F:92
65592,2017-01-14,0,98:07:2D:09:8E:B3
65593,2017-01-14,0,98:07:2D:09:8E:E9
65598,2017-01-14,0,98:07:2D:09:8E:FD
65603,2017-01-14,0,98:07:2D:13:25:FC
65606,2017-01-14,0,98:07:2D:13:25:9E
65616,2017-01-14,0,98:07:2D:13:25:22
65619,2017-01-14,0,98:07:2D:13:25:C2
65620,2017-01-14,0,98:07:2D:13:27:28
65631,2017-01-14,0,98:07:2D:03:41:0E
65636,2017-01-14,0,98:07:2D:03:3F:54
65639,2017-01-14,0,98:07:2D:03:3F:2B
65640,2017-01-14,0,98:07:2D:03:3D:69
65652,2017-01-14,0,98:07:2D:03:40:52
65653,2017-01-14,0,98:07:2D:03:40:3E
65773,2017-01-16,0,98:07:2D:09:87:5C
65773,2018-01-04,2,98:07:2D:09:87:5C
65773,2018-03-20,3,98:07:2D:09:87:5C
65780,2017-01-16,0,98:07:2D:09:87:42
65783,2017-01-16,0,98:07:2D:09:87:68
65787,2017-01-16,0,98:07:2D:09:87:7F
65792,2017-01-16,0,98:07:2D:09:86:24
65802,2017-01-16,0,98:07:2D:03:3C:16
65815,2017-01-16,0,98:07:2D:03:3A:7E
65826,2017-01-16,0,98:07:2D:03:3B:02
65829,2017-01-16,0,98:07:2D:03:3A:72
65835,2017-01-16,0,98:07:2D:03:3D:39
65836,2017-01-16,0,98:07:2D:03:3D:4B
65857,2017-01-16,0,98:07:2D:03:3B:5C
65878,2017-01-16,0,98:07:2D:09:87:C8
65884,2017-01-16,0,98:07:2D:09:87:F5
65887,2017-01-16,0,98:07:2D:09:86:5F
65888,2017-01-16,0,98:07:2D:09:87:CE
65893,2017-01-16,0,98:07:2D:09:86:46
65893,2018-01-04,2,98:07:2D:09:86:46
65895,2017-01-16,0,98:07:2D:09:87:C0
65899,2017-01-16,0,98:07:2D:13:4F:EC
65900,2017-01-16,0,98:07:2D:13:4E:5C
65903,2017-01-16,0,98:07:2D:13:4E:9F
65908,2017-01-16,0,98:07:2D:13:51:1D
65909,2017-01-16,0,98:07:2D:13:50:67
65914,2017-01-16,0,98:07:2D:13:4E:D3
65919,2017-01-16,0,98:07:2D:13:50:40
65920,2017-01-16,0,98:07:2D:13:4E:D1
65921,2017-01-16,0,98:07:2D:13:4E:E0
65923,2017-01-16,0,98:07:2D:13:4E:BE
65925,2017-01-16,0,98:07:2D:13:4E:D2
65926,2017-01-16,0,98:07:2D:13:4F:FC
65928,2017-01-16,0,98:07:2D:13:4E:A2
65929,2017-01-16,0,98:07:2D:13:4E:93
65932,2017-01-16,0,98:07:2D:12:FB:8E
65933,2017-01-16,0,98:07:2D:12:FE:63
65935,2017-01-16,0,98:07:2D:12:FD:B2
65946,2017-01-16,0,98:07:2D:12:FF:6B
65951,2017-01-16,0,98:07:2D:12:FE:1F
65953,2017-01-16,0,98:07:2D:12:FD:8E
65957,2017-01-16,0,98:07:2D:12:FF:39
65966,2017-01-16,0,98:07:2D:12:FE:7B
65967,2017-01-16,0,98:07:2D:12:FF:2F
65970,2017-01-16,0,98:07:2D:03:3F:5C
65970,2018-01-04,2,98:07:2D:03:3F:5C
65970,2018-03-20,3,98:07:2D:03:3F:5C
65986,2017-01-16,0,98:07:2D:03:3E:2C
66038,2017-01-16,0,98:07:2D:03:3F:63
66042,2017-01-16,0,98:07:2D:03:3D:75
66045,2017-01-16,0,98:07:2D:03:40:05
66047,2017-01-16,0,98:07:2D:03:3F:71
66071,2017-01-16,0,98:07:2D:13:25:84
66072,2017-01-16,0,98:07:2D:13:26:DD
66074,2017-01-16,0,98:07:2D:13:25:8C
66075,2017-01-16,0,98:07:2D:13:26:F3
66077,2017-01-16,0,98:07:2D:13:27:1E
66082,2017-01-16,0,98:07:2D:13:25:65
66085,2017-01-16,0,98:07:2D:13:25:A0
66092,2017-01-16,0,98:07:2D:13:26:91
66095,2017-01-16,0,98:07:2D:13:25:DD
66100,2017-01-16,0,98:07:2D:13:25:F4
66102,2017-01-16,0,98:07:2D:13:27:30
66104,2017-01-16,0,98:07:2D:13:26:83
66108,2017-01-16,0,98:07:2D:13:26:AF
66137,2017-01-16,0,98:07:2D:03:3F:62
66148,2017-01-16,0,98:07:2D:03:3F:72
66149,2017-01-16,0,98:07:2D:03:3D:33
66158,2017-01-16,0,98:07:2D:03:3B:4C
66174,2017-01-16,0,98:07:2D:03:3C:00
66177,2017-01-16,0,98:07:2D:03:3B:7A
66180,2017-01-16,0,98:07:2D:03:3C:6C
66186,2017-01-16,0,98:07:2D:03:3C:64
66189,2017-01-16,0,98:07:2D:03:3C:7B
66218,2017-01-16,0,98:07:2D:13:4E:AA
66223,2017-01-16,0,98:07:2D:13:4F:C9
66232,2017-01-16,0,98:07:2D:13:51:11
66241,2017-01-16,0,98:07:2D:13:51:02
66244,2017-01-16,0,98:07:2D:03:47:EA
66248,2017-01-16,0,98:07:2D:03:44:98
66250,2017-01-16,0,98:07:2D:03:46:58
66290,2017-01-16,0,98:07:2D:12:FD:84
66297,2017-01-16,0,98:07:2D:12:FF:1D
66301,2017-01-16,0,98:07:2D:12:FB:F4
66301,2018-01-04,2,98:07:2D:12:FB:F4
66301,2018-03-20,3,98:07:2D:12:FB:F4
66304,2017-01-16,0,98:07:2D:12:FD:E6
66304,2018-01-04,2,98:07:2D:12:FD:E6
66304,2018-03-20,3,98:07:2D:12:FD:E6
66310,2017-01-16,0,98:07:2D:12:FF:77
66315,2017-01-16,0,98:07:2D:12:FD:EF
66316,2017-01-16,0,98:07:2D:12:FD:C2
66319,2017-01-16,0,98:07:2D:12:FF:11
66321,2017-01-16,0,98:07:2D:12:FE:07
66322,2017-01-16,0,98:07:2D:12:FF:21
66324,2017-01-16,0,98:07:2D:03:29:75
66326,2017-01-16,0,98:07:2D:03:2F:BB
66328,2017-01-16,0,98:07:2D:03:2D:FA
66329,2017-01-16,0,98:07:2D:03:31:4F
66337,2017-01-16,0,98:07:2D:03:2F:88
66351,2017-01-16,0,98:07:2D:03:2D:80
66352,2017-01-16,0,98:07:2D:03:31:31
66354,2017-01-16,0,98:07:2D:03:2E:CB
66355,2017-01-16,0,98:07:2D:03:2E:D2
66356,2017-01-16,0,98:07:2D:03:29:76
66356,2018-01-04,2,98:07:2D:03:29:76
66356,2018-03-20,3,98:07:2D:03:29:76
66358,2017-01-16,0,98:07:2D:03:2E:EA
66360,2017-01-16,0,98:07:2D:03:2D:98
66367,2017-01-16,0,98:07:2D:03:3D:6A
66380,2017-01-16,0,98:07:2D:03:3D:76
67432,2017-05-16,0,CC:78:AB:03:AF:E4
67432,2017-05-17,3,CC:78:AB:03:AF:E4
67906,2017-07-24,0,CC:78:AB:15:3C:EA
67906,2017-10-25,1,CC:78:AB:15:3C:EA
67906,2017-10-30,0,CC:78:AB:15:3C:EA
67906,2017-10-31,1,CC:78:AB:15:3C:EA
67906,2017-11-06,1,CC:78:AB:15:3C:EA
67906,2017-12-13,0,CC:78:AB:15:3C:EA
67906,2017-12-14,1,CC:78:AB:15:3C:EA
67906,2017-12-18,3,CC:78:AB:15:3C:EA
68202,2017-10-31,0,A0:E6:F8:5A:61:28
